Variant ID,Round ID,Review Cycle,Source Asset ID,Source Video,Source Video Description,Date Posted,Time Posted,Day of Week,Phase,Test Variable,Variant Category,Exact Hook / Variant Wording,Modality,Country,Format Type,Video Length (sec),Predicted Best Performing Hook,Human Prediction Rank,Prediction Confidence,Prediction Rationale,Views 24h,3-Sec Retention % 24h,Avg Watch Time (sec) 24h,Watch % of Length 24h,Saves 24h,Shares 24h,Comments 24h,Follows from Reel 24h,Views 48h,3-Sec Retention % 48h,Avg Watch Time (sec) 48h,Watch % of Length 48h,Saves 48h,Shares 48h,Comments 48h,Follows from Reel 48h,Decision Score 48h,Promoted to Feed (Y/N),Date Promoted,Winner of Round (Y/N),Prediction Correct (Round),Views 7d,3-Sec Retention % 7d,Avg Watch Time (sec) 7d,Watch % of Length 7d,Saves 7d,Shares 7d,Comments 7d,Follows from Reel 7d,7d Distribution Context,Notes / Anomalies
R01V1,R01,Jun 22 – Jul 5,SRC-001,"Wrong Train, Right Coast",A missed train turns into an unplanned coastal detour and a better day than the original itinerary.,2026-06-22,10:00 AM,Monday,Phase 1 — Hook,Hook Type,Credential,Two Harvard students miss the train and accidentally find the best stop on the coast,Text overlay + matched opening audio,Portugal,Storytime / mishap,31,Y,1,High,Strong fit between the opening idea and the source footage; team would normally publish this treatment without a debate.,228,48.6,10.5,33.9,2,3,0,1,374,49.6,9.9,31.9,4,5,1,2,44.4,Y,2026-06-24,Y,Y,2698,44.2,9.3,30.0,20,25,5,8,Promoted to main feed after 48h; 7d reflects trial + feed distribution,
R01V2,R01,Jun 22 – Jul 5,SRC-001,"Wrong Train, Right Coast",A missed train turns into an unplanned coastal detour and a better day than the original itinerary.,2026-06-22,10:00 AM,Monday,Phase 1 — Hook,Hook Type,Numbered / Specific,3 things that happened after we missed our train in Portugal,Text overlay + matched opening audio,Portugal,Storytime / mishap,31,N,3,High,,247,39.8,7.9,25.5,0,2,0,0,338,40.9,7.8,25.1,1,4,0,1,35.7,N,,N,Y,398,40.5,7.4,24.0,1,4,0,1,Trial-reel distribution only; not promoted,
R01V3,R01,Jun 22 – Jul 5,SRC-001,"Wrong Train, Right Coast",A missed train turns into an unplanned coastal detour and a better day than the original itinerary.,2026-06-22,10:00 AM,Monday,Phase 1 — Hook,Hook Type,POV / Direct-address,POV: you miss your train and the backup plan becomes the whole trip,Text overlay + matched opening audio,Portugal,Storytime / mishap,31,N,2,High,,282,43.4,8.7,27.9,0,1,0,1,384,42.0,9.3,30.0,1,2,1,2,36.9,N,,N,Y,409,41.3,9.2,29.8,1,2,1,2,Trial-reel distribution only; not promoted,
R01V4,R01,Jun 22 – Jul 5,SRC-001,"Wrong Train, Right Coast",A missed train turns into an unplanned coastal detour and a better day than the original itinerary.,2026-06-22,10:00 AM,Monday,Phase 1 — Hook,Hook Type,Contrarian / Pattern-break,Missing this train was the best thing that happened to our itinerary,Text overlay + matched opening audio,Portugal,Storytime / mishap,31,N,5,High,,213,40.2,8.5,27.5,1,1,0,0,337,40.4,8.8,28.3,3,3,1,0,36.0,N,,N,Y,410,39.5,8.4,27.2,3,3,1,0,Trial-reel distribution only; not promoted,
R01V5,R01,Jun 22 – Jul 5,SRC-001,"Wrong Train, Right Coast",A missed train turns into an unplanned coastal detour and a better day than the original itinerary.,2026-06-22,10:00 AM,Monday,Phase 1 — Hook,Hook Type,Cold Open / Visual-only,[No opening text; start on the train doors closing as we reach the platform],Existing visual/audio opening; hook layer removed,Portugal,Storytime / mishap,31,N,4,High,,253,37.9,8.6,27.9,0,3,0,0,364,39.2,8.7,28.1,1,5,1,0,34.9,N,,N,Y,440,39.8,8.5,27.4,1,5,1,0,Trial-reel distribution only; not promoted,
R02V1,R02,Jun 22 – Jul 5,SRC-002,Breakfast Before Sunrise,A pre-dawn market breakfast challenge built around finding the best cheap bite before sunrise.,2026-06-23,11:30 AM,Tuesday,Phase 1 — Hook,Hook Type,Credential,Harvard students try to find the best breakfast in Istanbul before sunrise,Text overlay + matched opening audio,Turkey,Food / challenge,24,N,2,High,,129,38.9,6.5,27.2,0,0,0,0,170,37.6,6.6,27.4,0,1,0,0,32.6,N,,N,Y,186,37.3,6.6,27.6,0,1,0,0,Trial-reel distribution only; not promoted,
R02V2,R02,Jun 22 – Jul 5,SRC-002,Breakfast Before Sunrise,A pre-dawn market breakfast challenge built around finding the best cheap bite before sunrise.,2026-06-23,11:30 AM,Tuesday,Phase 1 — Hook,Hook Type,Numbered / Specific,We had 45 minutes to find Istanbul’s best breakfast before sunrise,Text overlay + matched opening audio,Turkey,Food / challenge,24,N,5,High,,108,37.7,5.6,23.3,0,0,0,0,155,36.6,5.7,23.6,1,1,0,0,31.9,N,,N,Y,169,36.9,5.4,22.4,1,1,0,0,Trial-reel distribution only; not promoted,
R02V3,R02,Jun 22 – Jul 5,SRC-002,Breakfast Before Sunrise,A pre-dawn market breakfast challenge built around finding the best cheap bite before sunrise.,2026-06-23,11:30 AM,Tuesday,Phase 1 — Hook,Hook Type,POV / Direct-address,POV: it is 5:12 a.m. and you are hunting for breakfast in Istanbul,Text overlay + matched opening audio,Turkey,Food / challenge,24,Y,1,High,Strong fit between the opening idea and the source footage; team would normally publish this treatment without a debate.,155,53.0,9.0,37.3,0,1,0,0,214,51.1,8.6,35.8,1,2,0,0,44.6,Y,2026-06-25,Y,Y,1345,48.5,7.9,33.0,4,9,0,0,Promoted to main feed after 48h; 7d reflects trial + feed distribution,
R02V4,R02,Jun 22 – Jul 5,SRC-002,Breakfast Before Sunrise,A pre-dawn market breakfast challenge built around finding the best cheap bite before sunrise.,2026-06-23,11:30 AM,Tuesday,Phase 1 — Hook,Hook Type,Contrarian / Pattern-break,The best breakfast in Istanbul might happen before the city wakes up,Text overlay + matched opening audio,Turkey,Food / challenge,24,N,3,High,,103,33.0,4.8,20.2,0,0,0,0,140,33.8,4.8,20.2,0,1,0,0,28.7,N,,N,Y,154,33.6,4.9,20.4,0,1,0,0,Trial-reel distribution only; not promoted,
R02V5,R02,Jun 22 – Jul 5,SRC-002,Breakfast Before Sunrise,A pre-dawn market breakfast challenge built around finding the best cheap bite before sunrise.,2026-06-23,11:30 AM,Tuesday,Phase 1 — Hook,Hook Type,Cold Open / Visual-only,[No opening text; start on steam rising off the first food stall],Existing visual/audio opening; hook layer removed,Turkey,Food / challenge,24,N,4,High,,95,34.8,5.3,22.1,0,0,0,0,150,35.8,5.4,22.3,1,1,0,0,31.1,N,,N,Y,165,34.7,5.3,22.3,1,1,0,0,Trial-reel distribution only; not promoted,
R03V1,R03,Jun 22 – Jul 5,SRC-003,The Cliff Bus Stop,A bus stop perched over a cliff becomes the setup for a short story about trusting local transit.,2026-06-24,1:00 PM,Wednesday,Phase 1 — Hook,Hook Type,Credential,Two Harvard students trusted a cliffside bus stop in Madeira with no schedule posted,Text overlay + matched opening audio,Madeira,Scenic story / tension,27,N,4,Medium,,153,58.5,10.1,37.4,1,2,0,0,227,58.1,10.2,37.9,2,3,0,0,50.8,N,,N,Y,274,58.8,10.4,38.7,2,3,0,0,Trial-reel distribution only; not promoted,
R03V2,R03,Jun 22 – Jul 5,SRC-003,The Cliff Bus Stop,A bus stop perched over a cliff becomes the setup for a short story about trusting local transit.,2026-06-24,1:00 PM,Wednesday,Phase 1 — Hook,Hook Type,Numbered / Specific,We waited 38 minutes at the strangest bus stop in Madeira,Text overlay + matched opening audio,Madeira,Scenic story / tension,27,Y,1,Medium,"Two treatments felt viable, but this one had the clearest immediate promise and cleanest first-frame fit.",174,66.8,11.1,41.1,2,3,0,0,241,66.4,11.1,41.1,3,5,0,0,58.2,Y,2026-06-26,Y,Y,2123,64.4,10.1,37.4,23,38,0,0,Promoted to main feed after 48h; 7d reflects trial + feed distribution,
R03V3,R03,Jun 22 – Jul 5,SRC-003,The Cliff Bus Stop,A bus stop perched over a cliff becomes the setup for a short story about trusting local transit.,2026-06-24,1:00 PM,Wednesday,Phase 1 — Hook,Hook Type,POV / Direct-address,POV: your bus stop is a painted curb on the edge of a cliff,Text overlay + matched opening audio,Madeira,Scenic story / tension,27,N,5,Medium,,157,60.7,11.2,41.6,0,0,0,0,209,58.8,10.8,40.1,2,2,0,1,52.0,N,,N,Y,234,58.6,10.8,40.0,2,2,0,1,Trial-reel distribution only; not promoted,
R03V4,R03,Jun 22 – Jul 5,SRC-003,The Cliff Bus Stop,A bus stop perched over a cliff becomes the setup for a short story about trusting local transit.,2026-06-24,1:00 PM,Wednesday,Phase 1 — Hook,Hook Type,Contrarian / Pattern-break,Google Maps was not prepared for this bus stop,Text overlay + matched opening audio,Madeira,Scenic story / tension,27,N,2,Medium,,142,55.6,9.5,35.2,0,0,0,0,198,56.9,10.1,37.2,2,1,0,1,49.7,N,,N,Y,206,56.7,10.3,38.2,2,1,0,1,Trial-reel distribution only; not promoted,
R03V5,R03,Jun 22 – Jul 5,SRC-003,The Cliff Bus Stop,A bus stop perched over a cliff becomes the setup for a short story about trusting local transit.,2026-06-24,1:00 PM,Wednesday,Phase 1 — Hook,Hook Type,Cold Open / Visual-only,[No opening text; start on the wide reveal of the cliffside stop],Existing visual/audio opening; hook layer removed,Madeira,Scenic story / tension,27,N,3,Medium,,158,55.7,8.9,32.9,1,0,0,0,207,54.3,9.3,34.3,2,1,0,1,47.2,N,,N,Y,222,54.0,9.0,33.5,2,1,0,1,Trial-reel distribution only; not promoted,
R04V1,R04,Jun 22 – Jul 5,SRC-004,Night Market $12 Challenge,A rapid food challenge testing how much dinner two people can assemble on a strict budget.,2026-06-25,10:00 AM,Thursday,Phase 1 — Hook,Hook Type,Credential,Harvard students build a full night-market dinner in Taipei for $12,Text overlay + matched opening audio,Taiwan,Budget challenge,36,N,3,High,,164,45.8,12.0,33.4,0,0,0,0,221,43.9,11.6,32.3,2,1,0,1,39.2,N,,N,Y,262,44.1,12.0,33.5,2,1,0,1,Trial-reel distribution only; not promoted,
R04V2,R04,Jun 22 – Jul 5,SRC-004,Night Market $12 Challenge,A rapid food challenge testing how much dinner two people can assemble on a strict budget.,2026-06-25,10:00 AM,Thursday,Phase 1 — Hook,Hook Type,Numbered / Specific,How much food can $12 actually buy at a Taipei night market?,Text overlay + matched opening audio,Taiwan,Budget challenge,36,N,4,High,,185,48.0,13.7,38.1,1,1,0,0,244,47.6,13.1,36.3,2,2,0,1,42.9,N,,N,Y,271,48.0,12.9,35.9,2,2,0,1,Trial-reel distribution only; not promoted,
R04V3,R04,Jun 22 – Jul 5,SRC-004,Night Market $12 Challenge,A rapid food challenge testing how much dinner two people can assemble on a strict budget.,2026-06-25,10:00 AM,Thursday,Phase 1 — Hook,Hook Type,POV / Direct-address,POV: you have $12 and one hour to eat your way through a Taipei night market,Text overlay + matched opening audio,Taiwan,Budget challenge,36,N,2,High,,162,47.5,11.9,33.0,1,0,0,0,222,48.7,12.3,34.2,2,1,0,0,42.6,N,,N,Y,269,48.4,12.2,33.9,2,1,0,0,Trial-reel distribution only; not promoted,
R04V4,R04,Jun 22 – Jul 5,SRC-004,Night Market $12 Challenge,A rapid food challenge testing how much dinner two people can assemble on a strict budget.,2026-06-25,10:00 AM,Thursday,Phase 1 — Hook,Hook Type,Contrarian / Pattern-break,Do not spend restaurant money on your first night in Taipei,Text overlay + matched opening audio,Taiwan,Budget challenge,36,Y,1,High,Strong fit between the opening idea and the source footage; team would normally publish this treatment without a debate.,192,55.8,14.1,39.0,2,2,0,0,265,54.8,13.5,37.4,3,4,0,0,48.8,Y,2026-06-27,Y,Y,2410,52.7,12.8,35.5,22,25,0,0,Promoted to main feed after 48h; 7d reflects trial + feed distribution,
R04V5,R04,Jun 22 – Jul 5,SRC-004,Night Market $12 Challenge,A rapid food challenge testing how much dinner two people can assemble on a strict budget.,2026-06-25,10:00 AM,Thursday,Phase 1 — Hook,Hook Type,Cold Open / Visual-only,[No opening text; start on the cash hitting the table beside the first stall],Existing visual/audio opening; hook layer removed,Taiwan,Budget challenge,36,N,5,High,,142,39.8,11.0,30.7,0,0,0,0,215,40.9,11.0,30.5,0,1,0,1,35.9,N,,N,Y,249,41.1,10.7,29.6,0,1,0,1,Trial-reel distribution only; not promoted,
R05V1,R05,Jun 22 – Jul 5,SRC-005,The Empty Palace Room,A quiet room in a historic palace becomes a curiosity-led explainer about an overlooked detail.,2026-06-26,11:30 AM,Friday,Phase 1 — Hook,Hook Type,Credential,Harvard travelers find the room everyone walks past in Bucharest,Text overlay + matched opening audio,Romania,History / discovery,42,Y,1,High,Strong fit between the opening idea and the source footage; team would normally publish this treatment without a debate.,252,66.7,15.9,38.0,3,3,0,1,414,65.1,16.6,39.6,5,6,0,2,57.0,Y,2026-06-28,Y,Y,1759,58.4,16.2,38.5,16,16,0,6,Promoted to main feed after 48h; 7d reflects trial + feed distribution,
R05V2,R05,Jun 22 – Jul 5,SRC-005,The Empty Palace Room,A quiet room in a historic palace becomes a curiosity-led explainer about an overlooked detail.,2026-06-26,11:30 AM,Friday,Phase 1 — Hook,Hook Type,Numbered / Specific,1 room almost everyone skips inside this Bucharest palace,Text overlay + matched opening audio,Romania,History / discovery,42,N,3,High,,256,58.3,14.1,33.6,2,2,0,0,364,57.7,14.4,34.4,4,5,1,1,50.5,N,,N,Y,414,57.7,14.1,33.5,4,5,1,1,Trial-reel distribution only; not promoted,
R05V3,R05,Jun 22 – Jul 5,SRC-005,The Empty Palace Room,A quiet room in a historic palace becomes a curiosity-led explainer about an overlooked detail.,2026-06-26,11:30 AM,Friday,Phase 1 — Hook,Hook Type,POV / Direct-address,POV: you walk into the quietest room in the entire palace,Text overlay + matched opening audio,Romania,History / discovery,42,N,2,High,,226,58.7,16.9,40.3,2,1,0,0,371,59.6,16.1,38.3,5,3,0,0,52.0,N,,N,Y,433,59.7,16.1,38.4,5,3,0,0,Trial-reel distribution only; not promoted,
R05V4,R05,Jun 22 – Jul 5,SRC-005,The Empty Palace Room,A quiet room in a historic palace becomes a curiosity-led explainer about an overlooked detail.,2026-06-26,11:30 AM,Friday,Phase 1 — Hook,Hook Type,Contrarian / Pattern-break,The best room in this palace has almost nothing in it,Text overlay + matched opening audio,Romania,History / discovery,42,N,5,High,,248,52.5,13.1,31.2,2,2,0,0,361,53.4,12.6,30.0,4,5,1,0,46.3,N,,N,Y,419,53.4,12.8,30.5,4,5,1,0,Trial-reel distribution only; not promoted,
R05V5,R05,Jun 22 – Jul 5,SRC-005,The Empty Palace Room,A quiet room in a historic palace becomes a curiosity-led explainer about an overlooked detail.,2026-06-26,11:30 AM,Friday,Phase 1 — Hook,Hook Type,Cold Open / Visual-only,[No opening text; begin on the door opening into the empty room],Existing visual/audio opening; hook layer removed,Romania,History / discovery,42,N,4,High,,229,52.1,14.4,34.3,1,1,0,0,371,50.5,13.8,32.8,4,2,1,0,43.9,N,,N,Y,414,51.1,14.2,33.7,4,2,1,0,Trial-reel distribution only; not promoted,
R06V1,R06,Jun 22 – Jul 5,SRC-006,Kayak Through the City,A first-person urban kayak sequence with a quick story arc and skyline payoff.,2026-06-27,1:00 PM,Saturday,Phase 1 — Hook,Hook Type,Credential,Harvard students kayak through the middle of Ljubljana,Text overlay + matched opening audio,Slovenia,Adventure / POV,29,N,3,Medium,,865,54.6,9.7,33.4,10,3,3,1,1248,53.0,10.3,35.5,18,8,4,3,46.9,N,,N,Y,1415,51.9,10.2,35.1,21,9,4,3,Trial-reel distribution only; not promoted,
R06V2,R06,Jun 22 – Jul 5,SRC-006,Kayak Through the City,A first-person urban kayak sequence with a quick story arc and skyline payoff.,2026-06-27,1:00 PM,Saturday,Phase 1 — Hook,Hook Type,Numbered / Specific,We crossed 7 bridges without leaving a kayak,Text overlay + matched opening audio,Slovenia,Adventure / POV,29,N,4,Medium,,735,56.6,10.5,36.2,9,4,3,4,1178,55.8,10.8,37.1,16,7,5,7,49.4,N,,N,Y,1420,55.1,10.5,36.2,19,7,5,8,Trial-reel distribution only; not promoted,
R06V3,R06,Jun 22 – Jul 5,SRC-006,Kayak Through the City,A first-person urban kayak sequence with a quick story arc and skyline payoff.,2026-06-27,1:00 PM,Saturday,Phase 1 — Hook,Hook Type,POV / Direct-address,POV: your city tour has no sidewalks,Text overlay + matched opening audio,Slovenia,Adventure / POV,29,Y,1,Medium,"Two treatments felt viable, but this one had the clearest immediate promise and cleanest first-frame fit.",987,64.1,13.6,46.9,9,23,0,3,1482,65.6,13.2,45.4,17,33,1,5,58.4,Y,2026-06-29,Y,Y,14370,59.0,12.8,44.1,139,209,8,32,Promoted to main feed after 48h; 7d reflects trial + feed distribution,
R06V4,R06,Jun 22 – Jul 5,SRC-006,Kayak Through the City,A first-person urban kayak sequence with a quick story arc and skyline payoff.,2026-06-27,1:00 PM,Saturday,Phase 1 — Hook,Hook Type,Contrarian / Pattern-break,The best way to see this capital might be from below street level,Text overlay + matched opening audio,Slovenia,Adventure / POV,29,N,2,Medium,,831,57.7,11.6,40.1,6,4,2,2,1299,57.2,11.8,40.6,11,9,5,6,50.5,N,,N,Y,1455,56.7,11.8,40.7,12,10,5,6,Trial-reel distribution only; not promoted,
R06V5,R06,Jun 22 – Jul 5,SRC-006,Kayak Through the City,A first-person urban kayak sequence with a quick story arc and skyline payoff.,2026-06-27,1:00 PM,Saturday,Phase 1 — Hook,Hook Type,Cold Open / Visual-only,[No opening text; start with the paddle splash into the lens],Existing visual/audio opening; hook layer removed,Slovenia,Adventure / POV,29,N,5,Medium,,913,50.5,10.1,34.7,8,3,0,3,1199,50.4,10.7,36.8,14,7,2,5,45.1,N,,N,Y,1326,49.4,10.4,35.8,14,7,2,5,Trial-reel distribution only; not promoted,
R07V1,R07,Jun 22 – Jul 5,SRC-007,The Bakery Line Was Worth It,A bakery queue payoff reel comparing hype to the actual first bite.,2026-06-28,10:00 AM,Sunday,Phase 1 — Hook,Hook Type,Credential,Harvard students wait in Copenhagen’s longest bakery line to see if it is worth it,Text overlay + matched opening audio,Denmark,Food / review,22,N,4,Low,,76,44.6,4.0,18.2,0,0,0,0,116,46.1,4.2,19.2,1,1,0,0,38.4,N,,N,N,136,46.9,4.2,19.1,1,1,0,0,Trial-reel distribution only; not promoted,
R07V2,R07,Jun 22 – Jul 5,SRC-007,The Bakery Line Was Worth It,A bakery queue payoff reel comparing hype to the actual first bite.,2026-06-28,10:00 AM,Sunday,Phase 1 — Hook,Hook Type,Numbered / Specific,We waited 52 minutes for one pastry — here is the verdict,Text overlay + matched opening audio,Denmark,Food / review,22,N,5,Low,,95,54.6,5.9,26.6,0,0,0,0,128,54.0,5.5,24.9,0,0,0,0,43.4,Y,2026-06-30,Y,N,1260,47.1,5.0,22.8,0,0,0,0,Promoted to main feed after 48h; 7d reflects trial + feed distribution,
R07V3,R07,Jun 22 – Jul 5,SRC-007,The Bakery Line Was Worth It,A bakery queue payoff reel comparing hype to the actual first bite.,2026-06-28,10:00 AM,Sunday,Phase 1 — Hook,Hook Type,POV / Direct-address,POV: the bakery line is longer than your flight boarding line,Text overlay + matched opening audio,Denmark,Food / review,22,N,3,Low,,86,45.8,4.1,18.7,0,0,0,0,125,46.9,4.0,18.1,0,0,0,0,37.0,N,,N,N,152,46.1,3.8,17.4,0,0,0,0,Trial-reel distribution only; not promoted,
R07V4,R07,Jun 22 – Jul 5,SRC-007,The Bakery Line Was Worth It,A bakery queue payoff reel comparing hype to the actual first bite.,2026-06-28,10:00 AM,Sunday,Phase 1 — Hook,Hook Type,Contrarian / Pattern-break,Most famous pastries are not worth an hour. This one might be.,Text overlay + matched opening audio,Denmark,Food / review,22,Y,1,Low,No hook had an obvious edge before posting; this was a preference rather than a conviction call.,88,52.7,4.8,21.9,0,0,0,0,133,52.2,5.2,23.4,0,2,0,0,43.3,N,,N,N,138,52.7,5.4,24.6,0,2,0,0,Trial-reel distribution only; not promoted,
R07V5,R07,Jun 22 – Jul 5,SRC-007,The Bakery Line Was Worth It,A bakery queue payoff reel comparing hype to the actual first bite.,2026-06-28,10:00 AM,Sunday,Phase 1 — Hook,Hook Type,Cold Open / Visual-only,[No opening text; start on the pastry break-apart close-up],Existing visual/audio opening; hook layer removed,Denmark,Food / review,22,N,2,Low,,75,39.7,2.9,13.0,0,0,0,0,104,40.4,2.6,11.7,0,0,0,0,31.2,N,,N,N,110,39.6,2.5,11.5,0,0,0,0,Trial-reel distribution only; not promoted,
R08V1,R08,Jun 22 – Jul 5,SRC-008,Rain Ruined the View,A hiking reel where bad weather hides the expected view but creates a different payoff.,2026-06-29,11:30 AM,Monday,Phase 1 — Hook,Hook Type,Credential,Two Harvard students hike for a view that disappears into Scottish rain,Text overlay + matched opening audio,Scotland,Weather / story,33,N,5,High,,106,46.3,10.6,32.2,0,0,0,0,147,46.0,10.2,30.8,1,0,0,0,39.3,N,,N,Y,173,45.4,10.3,31.1,1,0,0,0,Trial-reel distribution only; not promoted,
R08V2,R08,Jun 22 – Jul 5,SRC-008,Rain Ruined the View,A hiking reel where bad weather hides the expected view but creates a different payoff.,2026-06-29,11:30 AM,Monday,Phase 1 — Hook,Hook Type,Numbered / Specific,4 hours of hiking for exactly zero view,Text overlay + matched opening audio,Scotland,Weather / story,33,N,3,High,,91,48.8,11.0,33.3,0,0,0,0,144,48.5,10.4,31.4,1,0,0,0,41.3,N,,N,Y,152,48.7,10.1,30.7,1,0,0,0,Trial-reel distribution only; not promoted,
R08V3,R08,Jun 22 – Jul 5,SRC-008,Rain Ruined the View,A hiking reel where bad weather hides the expected view but creates a different payoff.,2026-06-29,11:30 AM,Monday,Phase 1 — Hook,Hook Type,POV / Direct-address,POV: you reach the summit and the mountain deletes the scenery,Text overlay + matched opening audio,Scotland,Weather / story,33,N,4,High,,108,47.2,10.2,30.9,0,0,0,0,139,45.9,9.5,28.7,1,1,0,0,39.7,N,,N,Y,156,45.0,9.4,28.4,1,1,0,0,Trial-reel distribution only; not promoted,
R08V4,R08,Jun 22 – Jul 5,SRC-008,Rain Ruined the View,A hiking reel where bad weather hides the expected view but creates a different payoff.,2026-06-29,11:30 AM,Monday,Phase 1 — Hook,Hook Type,Contrarian / Pattern-break,Bad weather can make the better travel story,Text overlay + matched opening audio,Scotland,Weather / story,33,Y,1,High,Strong fit between the opening idea and the source footage; team would normally publish this treatment without a debate.,140,56.4,12.3,37.2,0,1,0,0,184,56.1,12.3,37.1,1,2,0,0,48.7,Y,2026-07-01,Y,Y,1789,49.5,10.8,32.6,6,15,0,0,Promoted to main feed after 48h; 7d reflects trial + feed distribution,
R08V5,R08,Jun 22 – Jul 5,SRC-008,Rain Ruined the View,A hiking reel where bad weather hides the expected view but creates a different payoff.,2026-06-29,11:30 AM,Monday,Phase 1 — Hook,Hook Type,Cold Open / Visual-only,[No opening text; start on the summit reveal into complete fog],Existing visual/audio opening; hook layer removed,Scotland,Weather / story,33,N,2,High,,94,44.5,9.4,28.5,0,0,0,0,137,43.8,9.5,28.7,0,1,0,0,37.4,N,,N,Y,149,44.5,9.2,27.9,0,1,0,0,Trial-reel distribution only; not promoted,
R09V1,R09,Jul 6 – Jul 19,SRC-009,Ferry With No Cars,A small passenger ferry becomes a fast explainer on reaching a car-free island.,2026-07-06,10:30 AM,Monday,Phase 1 — Hook,Hook Type,Credential,Harvard students take the tiny ferry to a Croatian island with no cars,Text overlay + matched opening audio,Croatia,Transit / discovery,25,Y,1,High,Strong fit between the opening idea and the source footage; team would normally publish this treatment without a debate.,327,66.4,7.8,31.3,1,6,0,0,490,65.1,8.0,32.1,3,10,1,1,55.5,Y,2026-07-08,Y,Y,4103,59.8,7.6,30.4,19,65,8,5,Promoted to main feed after 48h; 7d reflects trial + feed distribution,
R09V2,R09,Jul 6 – Jul 19,SRC-009,Ferry With No Cars,A small passenger ferry becomes a fast explainer on reaching a car-free island.,2026-07-06,10:30 AM,Monday,Phase 1 — Hook,Hook Type,Numbered / Specific,This 18-minute ferry takes you somewhere with zero cars,Text overlay + matched opening audio,Croatia,Transit / discovery,25,N,5,High,,256,52.7,6.0,24.0,3,1,0,0,393,54.6,6.4,25.7,5,3,1,0,46.0,N,,N,Y,453,54.7,6.7,26.9,5,3,1,0,Trial-reel distribution only; not promoted,
R09V3,R09,Jul 6 – Jul 19,SRC-009,Ferry With No Cars,A small passenger ferry becomes a fast explainer on reaching a car-free island.,2026-07-06,10:30 AM,Monday,Phase 1 — Hook,Hook Type,POV / Direct-address,POV: your Uber options disappear the second the ferry docks,Text overlay + matched opening audio,Croatia,Transit / discovery,25,N,3,High,,320,58.2,5.7,22.8,1,2,0,0,414,56.9,5.9,23.4,2,3,1,1,46.6,N,,N,Y,485,56.9,5.6,22.2,2,3,1,1,Trial-reel distribution only; not promoted,
R09V4,R09,Jul 6 – Jul 19,SRC-009,Ferry With No Cars,A small passenger ferry becomes a fast explainer on reaching a car-free island.,2026-07-06,10:30 AM,Monday,Phase 1 — Hook,Hook Type,Contrarian / Pattern-break,The easiest island day trip is the one where cars cannot follow you,Text overlay + matched opening audio,Croatia,Transit / discovery,25,N,4,High,,268,58.3,5.7,22.8,2,4,0,1,413,58.0,6.0,24.0,3,7,0,2,49.0,N,,N,Y,492,58.8,5.9,23.8,3,7,0,2,Trial-reel distribution only; not promoted,
R09V5,R09,Jul 6 – Jul 19,SRC-009,Ferry With No Cars,A small passenger ferry becomes a fast explainer on reaching a car-free island.,2026-07-06,10:30 AM,Monday,Phase 1 — Hook,Hook Type,Cold Open / Visual-only,[No opening text; begin on the ferry ramp lifting away from the dock],Existing visual/audio opening; hook layer removed,Croatia,Transit / discovery,25,N,2,High,,279,49.9,5.8,23.1,0,2,0,1,370,51.3,5.3,21.1,1,5,1,2,42.9,N,,N,Y,446,51.4,5.3,21.0,1,6,1,2,Trial-reel distribution only; not promoted,
R10V1,R10,Jul 6 – Jul 19,SRC-010,Soccer in the Square,An impromptu pickup soccer game in a public square becomes a character-led travel moment.,2026-07-07,12:00 PM,Tuesday,Phase 1 — Hook,Hook Type,Credential,Harvard travelers join a pickup game in Mexico City and immediately regret their confidence,Text overlay + matched opening audio,Mexico,Character / culture,34,N,3,Medium,,70,42.3,10.2,29.9,0,0,0,0,100,41.5,10.8,31.6,1,1,0,0,37.6,N,,N,Y,110,41.0,10.8,31.9,1,1,0,0,Trial-reel distribution only; not promoted,
R10V2,R10,Jul 6 – Jul 19,SRC-010,Soccer in the Square,An impromptu pickup soccer game in a public square becomes a character-led travel moment.,2026-07-07,12:00 PM,Tuesday,Phase 1 — Hook,Hook Type,Numbered / Specific,We lasted 6 minutes before the locals humbled us,Text overlay + matched opening audio,Mexico,Character / culture,34,N,5,Medium,,62,40.6,10.5,30.8,0,0,0,0,101,42.4,10.2,30.0,0,0,0,0,35.9,N,,N,Y,117,41.9,9.9,29.2,0,0,0,0,Trial-reel distribution only; not promoted,
R10V3,R10,Jul 6 – Jul 19,SRC-010,Soccer in the Square,An impromptu pickup soccer game in a public square becomes a character-led travel moment.,2026-07-07,12:00 PM,Tuesday,Phase 1 — Hook,Hook Type,POV / Direct-address,POV: you say yes to one pickup game on vacation,Text overlay + matched opening audio,Mexico,Character / culture,34,Y,1,Medium,"Two treatments felt viable, but this one had the clearest immediate promise and cleanest first-frame fit.",83,55.3,12.1,35.5,0,0,0,0,127,53.4,12.1,35.7,1,1,0,0,46.4,Y,2026-07-09,Y,Y,993,47.8,10.8,31.8,5,6,0,0,Promoted to main feed after 48h; 7d reflects trial + feed distribution,
R10V4,R10,Jul 6 – Jul 19,SRC-010,Soccer in the Square,An impromptu pickup soccer game in a public square becomes a character-led travel moment.,2026-07-07,12:00 PM,Tuesday,Phase 1 — Hook,Hook Type,Contrarian / Pattern-break,The fastest way to meet people while traveling might be losing to them,Text overlay + matched opening audio,Mexico,Character / culture,34,N,2,Medium,,72,41.5,8.8,25.9,0,0,0,0,110,41.1,8.9,26.0,0,1,0,0,35.2,N,,N,Y,119,41.0,8.6,25.3,0,1,0,0,Trial-reel distribution only; not promoted,
R10V5,R10,Jul 6 – Jul 19,SRC-010,Soccer in the Square,An impromptu pickup soccer game in a public square becomes a character-led travel moment.,2026-07-07,12:00 PM,Tuesday,Phase 1 — Hook,Hook Type,Cold Open / Visual-only,[No opening text; start on the nutmeg and immediate reaction],Existing visual/audio opening; hook layer removed,Mexico,Character / culture,34,N,4,Medium,,67,41.0,10.0,29.4,0,0,0,0,106,40.2,10.6,31.1,0,0,0,0,34.5,N,,N,Y,119,41.1,10.7,31.5,0,0,0,0,Trial-reel distribution only; not promoted,
R11V1,R11,Jul 6 – Jul 19,SRC-011,The 6 A.M. Beach Club,A deadpan morning sequence contrasting beach-club expectations with an empty sunrise setup.,2026-07-08,1:30 PM,Wednesday,Phase 1 — Hook,Hook Type,Credential,Harvard students arrive at a Rio beach club six hours too early,Text overlay + matched opening audio,Brazil,Humor / contrast,23,N,5,High,,127,52.4,7.8,34.0,0,1,0,0,191,53.9,7.7,33.4,1,3,0,0,46.9,N,,N,Y,219,53.7,7.5,32.5,1,3,0,0,Trial-reel distribution only; not promoted,
R11V2,R11,Jul 6 – Jul 19,SRC-011,The 6 A.M. Beach Club,A deadpan morning sequence contrasting beach-club expectations with an empty sunrise setup.,2026-07-08,1:30 PM,Wednesday,Phase 1 — Hook,Hook Type,Numbered / Specific,What a beach club looks like at 6:03 a.m.,Text overlay + matched opening audio,Brazil,Humor / contrast,23,N,2,High,,153,58.9,8.9,38.7,1,2,0,0,211,58.1,8.5,36.9,2,3,1,1,51.3,N,,N,Y,234,58.6,8.6,37.3,2,3,1,1,Trial-reel distribution only; not promoted,
R11V3,R11,Jul 6 – Jul 19,SRC-011,The 6 A.M. Beach Club,A deadpan morning sequence contrasting beach-club expectations with an empty sunrise setup.,2026-07-08,1:30 PM,Wednesday,Phase 1 — Hook,Hook Type,POV / Direct-address,POV: you misunderstand what time “beach club” starts,Text overlay + matched opening audio,Brazil,Humor / contrast,23,N,4,High,,156,53.8,7.7,33.6,1,1,0,0,207,53.6,7.9,34.5,2,2,0,0,46.7,N,,N,Y,244,54.3,8.0,34.6,2,2,0,0,Trial-reel distribution only; not promoted,
R11V4,R11,Jul 6 – Jul 19,SRC-011,The 6 A.M. Beach Club,A deadpan morning sequence contrasting beach-club expectations with an empty sunrise setup.,2026-07-08,1:30 PM,Wednesday,Phase 1 — Hook,Hook Type,Contrarian / Pattern-break,Turns out the best time for a beach club is before the club part,Text overlay + matched opening audio,Brazil,Humor / contrast,23,N,3,High,,138,57.2,7.6,32.9,0,1,0,0,211,57.3,7.4,32.0,2,3,0,1,49.9,N,,N,Y,222,56.6,7.1,30.9,2,3,0,1,Trial-reel distribution only; not promoted,
R11V5,R11,Jul 6 – Jul 19,SRC-011,The 6 A.M. Beach Club,A deadpan morning sequence contrasting beach-club expectations with an empty sunrise setup.,2026-07-08,1:30 PM,Wednesday,Phase 1 — Hook,Hook Type,Cold Open / Visual-only,[No opening text; start on rows of empty chairs at sunrise],Existing visual/audio opening; hook layer removed,Brazil,Humor / contrast,23,Y,1,High,Strong fit between the opening idea and the source footage; team would normally publish this treatment without a debate.,140,62.5,8.5,36.9,1,1,0,0,211,63.4,8.8,38.2,3,2,0,0,54.9,Y,2026-07-10,Y,Y,1112,59.9,8.4,36.4,14,8,0,0,Promoted to main feed after 48h; 7d reflects trial + feed distribution,
R12V1,R12,Jul 6 – Jul 19,SRC-012,"One Street, Five Desserts",A one-street dessert crawl with five visually distinct stops and fast ratings.,2026-07-09,10:30 AM,Thursday,Phase 1 — Hook,Hook Type,Credential,Harvard students try five desserts without leaving one street in Kuala Lumpur,Text overlay + matched opening audio,Malaysia,Food / list,40,Y,1,High,Strong fit between the opening idea and the source footage; team would normally publish this treatment without a debate.,781,59.0,16.5,41.3,10,8,1,0,1099,59.5,15.9,39.7,16,13,3,1,52.7,Y,2026-07-11,Y,Y,10204,55.3,14.1,35.2,118,102,26,7,Promoted to main feed after 48h; 7d reflects trial + feed distribution,
R12V2,R12,Jul 6 – Jul 19,SRC-012,"One Street, Five Desserts",A one-street dessert crawl with five visually distinct stops and fast ratings.,2026-07-09,10:30 AM,Thursday,Phase 1 — Hook,Hook Type,Numbered / Specific,"5 desserts, 1 street, and one obvious winner",Text overlay + matched opening audio,Malaysia,Food / list,40,N,3,High,,556,48.9,12.0,30.0,5,3,2,0,888,47.3,12.7,31.7,10,6,3,1,41.7,N,,N,Y,980,48.1,12.4,30.9,11,6,3,1,Trial-reel distribution only; not promoted,
R12V3,R12,Jul 6 – Jul 19,SRC-012,"One Street, Five Desserts",A one-street dessert crawl with five visually distinct stops and fast ratings.,2026-07-09,10:30 AM,Thursday,Phase 1 — Hook,Hook Type,POV / Direct-address,POV: every storefront on this block is dessert,Text overlay + matched opening audio,Malaysia,Food / list,40,N,5,High,,672,47.9,12.7,31.7,5,4,0,2,937,46.8,11.9,29.9,9,8,1,5,41.4,N,,N,Y,996,47.6,12.3,30.8,9,8,1,5,Trial-reel distribution only; not promoted,
R12V4,R12,Jul 6 – Jul 19,SRC-012,"One Street, Five Desserts",A one-street dessert crawl with five visually distinct stops and fast ratings.,2026-07-09,10:30 AM,Thursday,Phase 1 — Hook,Hook Type,Contrarian / Pattern-break,You do not need a citywide food tour when one street does this,Text overlay + matched opening audio,Malaysia,Food / list,40,N,2,High,,650,43.6,10.9,27.3,3,1,3,0,942,44.6,11.6,29.1,5,4,4,1,38.4,N,,N,Y,1133,45.4,11.8,29.5,5,5,4,1,Trial-reel distribution only; not promoted,
R12V5,R12,Jul 6 – Jul 19,SRC-012,"One Street, Five Desserts",A one-street dessert crawl with five visually distinct stops and fast ratings.,2026-07-09,10:30 AM,Thursday,Phase 1 — Hook,Hook Type,Cold Open / Visual-only,[No opening text; start on the five-dessert overhead lineup],Existing visual/audio opening; hook layer removed,Malaysia,Food / list,40,N,4,High,,605,46.8,11.5,28.8,3,8,1,0,903,46.0,12.1,30.3,5,14,3,1,40.8,N,,N,Y,994,46.0,12.1,30.4,5,15,3,1,Trial-reel distribution only; not promoted,
R13V1,R13,Jul 6 – Jul 19,SRC-013,The Last Cable Car,A late-day mountain descent builds tension around catching the final cable car.,2026-07-10,12:00 PM,Friday,Phase 1 — Hook,Hook Type,Credential,Two Harvard students race the last cable car down a Swiss mountain,Text overlay + matched opening audio,Switzerland,Tension / scenic,28,N,2,Medium,,271,45.9,6.5,23.1,2,1,0,0,425,45.7,6.2,22.0,4,2,0,1,38.5,N,,N,Y,458,46.1,6.0,21.5,4,2,0,1,Trial-reel distribution only; not promoted,
R13V2,R13,Jul 6 – Jul 19,SRC-013,The Last Cable Car,A late-day mountain descent builds tension around catching the final cable car.,2026-07-10,12:00 PM,Friday,Phase 1 — Hook,Hook Type,Numbered / Specific,11 minutes to make the final cable car,Text overlay + matched opening audio,Switzerland,Tension / scenic,28,Y,1,Medium,"Two treatments felt viable, but this one had the clearest immediate promise and cleanest first-frame fit.",322,57.9,8.9,31.9,3,2,0,1,432,57.5,8.4,30.0,6,4,1,2,49.6,Y,2026-07-12,Y,Y,2568,54.2,8.0,28.6,23,15,5,7,Promoted to main feed after 48h; 7d reflects trial + feed distribution,
R13V3,R13,Jul 6 – Jul 19,SRC-013,The Last Cable Car,A late-day mountain descent builds tension around catching the final cable car.,2026-07-10,12:00 PM,Friday,Phase 1 — Hook,Hook Type,POV / Direct-address,POV: the mountain closes in 11 minutes and you are still hiking,Text overlay + matched opening audio,Switzerland,Tension / scenic,28,N,3,Medium,,269,49.6,6.5,23.2,2,1,0,0,379,48.2,6.9,24.6,4,3,1,1,41.2,N,,N,Y,428,48.5,7.2,25.7,4,3,1,1,Trial-reel distribution only; not promoted,
R13V4,R13,Jul 6 – Jul 19,SRC-013,The Last Cable Car,A late-day mountain descent builds tension around catching the final cable car.,2026-07-10,12:00 PM,Friday,Phase 1 — Hook,Hook Type,Contrarian / Pattern-break,Golden hour is less relaxing when it is also your deadline,Text overlay + matched opening audio,Switzerland,Tension / scenic,28,N,4,Medium,,290,45.4,6.9,24.6,1,1,0,0,394,45.5,6.5,23.2,2,2,0,2,38.5,N,,N,Y,446,44.6,6.6,23.5,2,2,0,2,Trial-reel distribution only; not promoted,
R13V5,R13,Jul 6 – Jul 19,SRC-013,The Last Cable Car,A late-day mountain descent builds tension around catching the final cable car.,2026-07-10,12:00 PM,Friday,Phase 1 — Hook,Hook Type,Cold Open / Visual-only,[No opening text; start on the departure board countdown],Existing visual/audio opening; hook layer removed,Switzerland,Tension / scenic,28,N,5,Medium,,249,40.2,5.9,21.0,1,1,0,0,381,38.7,6.3,22.4,2,3,0,0,33.2,N,,N,Y,446,38.1,6.0,21.3,2,3,0,0,Trial-reel distribution only; not promoted,
R14V1,R14,Jul 6 – Jul 19,SRC-014,Apartment With a Secret Roof,A budget apartment tour ends with an unexpected rooftop reveal.,2026-07-11,1:30 PM,Saturday,Phase 1 — Hook,Hook Type,Credential,Harvard students book the cheapest apartment we could find in Valencia — then find the roof,Text overlay + matched opening audio,Spain,Stay / reveal,26,N,4,High,,294,57.0,9.5,36.6,2,2,0,0,473,55.8,9.8,37.8,4,4,1,1,48.9,N,,N,Y,515,56.7,10.1,38.7,4,4,1,1,Trial-reel distribution only; not promoted,
R14V2,R14,Jul 6 – Jul 19,SRC-014,Apartment With a Secret Roof,A budget apartment tour ends with an unexpected rooftop reveal.,2026-07-11,1:30 PM,Saturday,Phase 1 — Hook,Hook Type,Numbered / Specific,We paid €41 each for this apartment and did not know about the roof,Text overlay + matched opening audio,Spain,Stay / reveal,26,N,3,High,,283,52.7,8.7,33.4,2,1,0,0,450,53.0,8.5,32.8,4,2,0,0,45.4,N,,N,Y,517,53.2,8.3,31.7,4,2,0,0,Trial-reel distribution only; not promoted,
R14V3,R14,Jul 6 – Jul 19,SRC-014,Apartment With a Secret Roof,A budget apartment tour ends with an unexpected rooftop reveal.,2026-07-11,1:30 PM,Saturday,Phase 1 — Hook,Hook Type,POV / Direct-address,POV: your budget apartment comes with the best view in the neighborhood,Text overlay + matched opening audio,Spain,Stay / reveal,26,N,2,High,,301,55.6,9.5,36.5,1,1,1,0,458,57.3,9.7,37.2,4,2,2,1,49.5,N,,N,Y,504,58.0,9.5,36.4,4,2,2,1,Trial-reel distribution only; not promoted,
R14V4,R14,Jul 6 – Jul 19,SRC-014,Apartment With a Secret Roof,A budget apartment tour ends with an unexpected rooftop reveal.,2026-07-11,1:30 PM,Saturday,Phase 1 — Hook,Hook Type,Contrarian / Pattern-break,Stop judging a stay by the lobby,Text overlay + matched opening audio,Spain,Stay / reveal,26,Y,1,High,Strong fit between the opening idea and the source footage; team would normally publish this treatment without a debate.,361,64.1,10.3,39.7,5,2,0,1,552,65.0,10.4,39.8,8,4,0,3,56.7,Y,2026-07-13,Y,Y,3435,62.7,9.6,36.7,34,20,0,15,Promoted to main feed after 48h; 7d reflects trial + feed distribution,
R14V5,R14,Jul 6 – Jul 19,SRC-014,Apartment With a Secret Roof,A budget apartment tour ends with an unexpected rooftop reveal.,2026-07-11,1:30 PM,Saturday,Phase 1 — Hook,Hook Type,Cold Open / Visual-only,[No opening text; start on the rooftop door swinging open],Existing visual/audio opening; hook layer removed,Spain,Stay / reveal,26,N,5,High,,303,49.8,7.9,30.3,1,1,1,1,436,50.5,7.8,30.2,2,2,2,2,43.2,N,,N,Y,509,50.3,7.7,29.6,2,2,2,2,Trial-reel distribution only; not promoted,
R15V1,R15,Jul 6 – Jul 19,SRC-015,Museum Speedrun,A timed challenge to see how much of a major museum can be meaningfully experienced in under an hour.,2026-07-12,10:30 AM,Sunday,Phase 1 — Hook,Hook Type,Credential,Harvard students attempt a 55-minute museum speedrun in Rotterdam,Text overlay + matched opening audio,Netherlands,Humor / challenge,37,Y,1,Low,No hook had an obvious edge before posting; this was a preference rather than a conviction call.,450,59.7,14.5,39.2,6,2,1,2,605,59.7,14.2,38.4,9,4,2,4,52.7,N,,N,N,693,60.6,14.1,38.2,9,4,2,4,Trial-reel distribution only; not promoted,
R15V2,R15,Jul 6 – Jul 19,SRC-015,Museum Speedrun,A timed challenge to see how much of a major museum can be meaningfully experienced in under an hour.,2026-07-12,10:30 AM,Sunday,Phase 1 — Hook,Hook Type,Numbered / Specific,Can you actually enjoy a museum in 55 minutes?,Text overlay + matched opening audio,Netherlands,Humor / challenge,37,N,4,Low,,422,55.6,13.8,37.3,4,4,0,0,630,56.9,13.4,36.2,9,8,2,1,50.3,N,,N,N,682,57.5,13.5,36.4,10,8,2,1,Trial-reel distribution only; not promoted,
R15V3,R15,Jul 6 – Jul 19,SRC-015,Museum Speedrun,A timed challenge to see how much of a major museum can be meaningfully experienced in under an hour.,2026-07-12,10:30 AM,Sunday,Phase 1 — Hook,Hook Type,POV / Direct-address,POV: your train leaves in one hour but the museum is finally open,Text overlay + matched opening audio,Netherlands,Humor / challenge,37,N,3,Low,,459,61.4,13.8,37.4,2,6,2,0,658,61.6,13.9,37.6,6,10,3,0,53.6,Y,2026-07-14,Y,N,6061,59.4,12.2,33.0,43,68,19,0,Promoted to main feed after 48h; 7d reflects trial + feed distribution,
R15V4,R15,Jul 6 – Jul 19,SRC-015,Museum Speedrun,A timed challenge to see how much of a major museum can be meaningfully experienced in under an hour.,2026-07-12,10:30 AM,Sunday,Phase 1 — Hook,Hook Type,Contrarian / Pattern-break,You do not need all afternoon to make a museum worth it,Text overlay + matched opening audio,Netherlands,Humor / challenge,37,N,2,Low,,425,56.1,13.6,36.7,4,2,0,0,615,54.2,12.9,34.9,7,6,2,1,47.6,N,,N,N,728,54.5,12.5,33.7,7,7,2,1,Trial-reel distribution only; not promoted,
R15V5,R15,Jul 6 – Jul 19,SRC-015,Museum Speedrun,A timed challenge to see how much of a major museum can be meaningfully experienced in under an hour.,2026-07-12,10:30 AM,Sunday,Phase 1 — Hook,Hook Type,Cold Open / Visual-only,[No opening text; start on the stopwatch and museum entrance],Existing visual/audio opening; hook layer removed,Netherlands,Humor / challenge,37,N,5,Low,,349,50.0,10.2,27.5,2,5,1,0,505,49.5,10.9,29.5,5,8,2,0,43.5,N,,N,N,565,49.5,10.9,29.3,5,8,2,0,Trial-reel distribution only; not promoted,
R16V1,R16,Jul 6 – Jul 19,SRC-016,Dinner on the Overnight Train,A sleeper-train dinner ranking that mixes practical travel detail with humor.,2026-07-13,12:00 PM,Monday,Phase 1 — Hook,Hook Type,Credential,Harvard students rate everything we can eat on an overnight train to Vienna,Text overlay + matched opening audio,Austria,Transit / food,32,Y,1,High,Strong fit between the opening idea and the source footage; team would normally publish this treatment without a debate.,438,60.6,9.5,29.8,1,6,1,1,673,60.7,8.9,27.9,3,10,2,2,51.0,Y,2026-07-15,Y,Y,7137,56.4,8.3,25.9,27,81,17,18,Promoted to main feed after 48h; 7d reflects trial + feed distribution,
R16V2,R16,Jul 6 – Jul 19,SRC-016,Dinner on the Overnight Train,A sleeper-train dinner ranking that mixes practical travel detail with humor.,2026-07-13,12:00 PM,Monday,Phase 1 — Hook,Hook Type,Numbered / Specific,We ranked 6 things from an overnight-train dinner cart,Text overlay + matched opening audio,Austria,Transit / food,32,N,4,High,,313,48.4,6.6,20.7,3,3,0,1,490,48.3,7.2,22.6,5,5,1,2,41.3,N,,N,Y,557,48.9,7.5,23.6,5,5,1,2,Trial-reel distribution only; not promoted,
R16V3,R16,Jul 6 – Jul 19,SRC-016,Dinner on the Overnight Train,A sleeper-train dinner ranking that mixes practical travel detail with humor.,2026-07-13,12:00 PM,Monday,Phase 1 — Hook,Hook Type,POV / Direct-address,POV: your dinner reservation is moving at 120 km/h,Text overlay + matched opening audio,Austria,Transit / food,32,N,3,High,,357,48.5,6.9,21.6,2,5,0,0,570,49.1,7.3,22.9,5,9,1,0,41.9,N,,N,Y,694,50.1,7.3,22.8,6,10,1,0,Trial-reel distribution only; not promoted,
R16V4,R16,Jul 6 – Jul 19,SRC-016,Dinner on the Overnight Train,A sleeper-train dinner ranking that mixes practical travel detail with humor.,2026-07-13,12:00 PM,Monday,Phase 1 — Hook,Hook Type,Contrarian / Pattern-break,Train food is better when your expectations are at rock bottom,Text overlay + matched opening audio,Austria,Transit / food,32,N,5,High,,374,44.1,5.6,17.5,3,2,0,0,537,43.3,5.3,16.5,5,5,1,1,36.2,N,,N,Y,597,42.3,5.1,16.0,5,5,1,1,Trial-reel distribution only; not promoted,
R16V5,R16,Jul 6 – Jul 19,SRC-016,Dinner on the Overnight Train,A sleeper-train dinner ranking that mixes practical travel detail with humor.,2026-07-13,12:00 PM,Monday,Phase 1 — Hook,Hook Type,Cold Open / Visual-only,[No opening text; start on the tray wobbling as the train turns],Existing visual/audio opening; hook layer removed,Austria,Transit / food,32,N,2,High,,326,46.9,6.9,21.6,2,3,0,0,488,47.4,6.7,20.9,4,6,1,1,40.2,N,,N,Y,567,48.1,6.7,20.9,4,6,1,1,Trial-reel distribution only; not promoted,
R17V1,R17,Jul 20 – Aug 2,SRC-017,The Market That Closes at Noon,A morning-only market visit framed around why arriving late changes the entire experience.,2026-07-20,11:00 AM,Monday,Phase 1 — Hook,Hook Type,Credential,Harvard travelers wake up early for the market tourists keep missing in Rabat,Text overlay + matched opening audio,Morocco,Market / urgency,35,N,2,High,,455,53.3,13.9,39.6,4,2,0,1,585,54.9,13.4,38.3,8,5,2,3,49.2,N,,N,Y,675,55.9,13.4,38.3,8,5,2,3,Trial-reel distribution only; not promoted,
R17V2,R17,Jul 20 – Aug 2,SRC-017,The Market That Closes at Noon,A morning-only market visit framed around why arriving late changes the entire experience.,2026-07-20,11:00 AM,Monday,Phase 1 — Hook,Hook Type,Numbered / Specific,You have 3 hours to see this market before it disappears,Text overlay + matched opening audio,Morocco,Market / urgency,35,N,5,High,,426,57.9,13.3,38.0,2,5,0,2,685,56.2,13.8,39.4,4,11,1,4,50.3,N,,N,Y,716,55.4,13.9,39.6,4,11,1,4,Trial-reel distribution only; not promoted,
R17V3,R17,Jul 20 – Aug 2,SRC-017,The Market That Closes at Noon,A morning-only market visit framed around why arriving late changes the entire experience.,2026-07-20,11:00 AM,Monday,Phase 1 — Hook,Hook Type,POV / Direct-address,POV: the market is basically gone by lunch,Text overlay + matched opening audio,Morocco,Market / urgency,35,N,3,High,,438,52.2,13.0,37.0,3,4,1,1,633,53.0,12.6,35.9,6,9,2,3,47.5,N,,N,Y,708,52.3,12.2,34.9,6,9,2,3,Trial-reel distribution only; not promoted,
R17V4,R17,Jul 20 – Aug 2,SRC-017,The Market That Closes at Noon,A morning-only market visit framed around why arriving late changes the entire experience.,2026-07-20,11:00 AM,Monday,Phase 1 — Hook,Hook Type,Contrarian / Pattern-break,Sleeping in is the expensive mistake here,Text overlay + matched opening audio,Morocco,Market / urgency,35,N,4,High,,521,54.5,14.2,40.5,4,3,0,1,669,54.6,13.6,38.8,9,7,2,3,49.1,N,,N,Y,736,54.7,13.4,38.4,9,7,2,3,Trial-reel distribution only; not promoted,
R17V5,R17,Jul 20 – Aug 2,SRC-017,The Market That Closes at Noon,A morning-only market visit framed around why arriving late changes the entire experience.,2026-07-20,11:00 AM,Monday,Phase 1 — Hook,Hook Type,Cold Open / Visual-only,[No opening text; start on shutters rapidly closing down the lane],Existing visual/audio opening; hook layer removed,Morocco,Market / urgency,35,Y,1,High,Strong fit between the opening idea and the source footage; team would normally publish this treatment without a debate.,556,65.3,14.9,42.7,5,3,1,2,734,65.8,15.4,44.0,10,6,2,3,57.9,Y,2026-07-22,Y,Y,7874,63.7,13.7,39.2,82,46,17,25,Promoted to main feed after 48h; 7d reflects trial + feed distribution,
R18V1,R18,Jul 20 – Aug 2,SRC-018,Swimming Under the Bridge,A hot-day swim spot framed by a dramatic bridge and local routine.,2026-07-21,12:30 PM,Tuesday,Phase 1 — Hook,Hook Type,Credential,Harvard students find the swimming spot locals use under Mostar’s most famous bridge,Text overlay + matched opening audio,Bosnia & Herzegovina,Adventure / local tip,21,N,5,Medium,,712,36.8,5.4,25.6,1,4,2,1,958,38.0,5.2,24.9,2,8,3,3,33.2,N,,N,Y,1120,38.6,5.4,25.9,2,8,3,3,Trial-reel distribution only; not promoted,
R18V2,R18,Jul 20 – Aug 2,SRC-018,Swimming Under the Bridge,A hot-day swim spot framed by a dramatic bridge and local routine.,2026-07-21,12:30 PM,Tuesday,Phase 1 — Hook,Hook Type,Numbered / Specific,The water was 58°F and we still jumped in,Text overlay + matched opening audio,Bosnia & Herzegovina,Adventure / local tip,21,N,4,Medium,,716,40.8,5.9,28.0,2,6,0,1,928,41.2,5.4,25.8,4,10,2,2,36.0,N,,N,Y,1094,40.1,5.5,26.3,4,10,2,2,Trial-reel distribution only; not promoted,
R18V3,R18,Jul 20 – Aug 2,SRC-018,Swimming Under the Bridge,A hot-day swim spot framed by a dramatic bridge and local routine.,2026-07-21,12:30 PM,Tuesday,Phase 1 — Hook,Hook Type,POV / Direct-address,POV: your walking tour turns into a swim break,Text overlay + matched opening audio,Bosnia & Herzegovina,Adventure / local tip,21,Y,1,Medium,"Two treatments felt viable, but this one had the clearest immediate promise and cleanest first-frame fit.",844,53.2,6.7,31.8,4,8,2,2,1208,51.7,7.0,33.5,7,18,4,6,45.8,Y,2026-07-23,Y,Y,5706,44.7,6.7,31.7,27,63,15,18,Promoted to main feed after 48h; 7d reflects trial + feed distribution,
R18V4,R18,Jul 20 – Aug 2,SRC-018,Swimming Under the Bridge,A hot-day swim spot framed by a dramatic bridge and local routine.,2026-07-21,12:30 PM,Tuesday,Phase 1 — Hook,Hook Type,Contrarian / Pattern-break,The best view of this bridge is from the water,Text overlay + matched opening audio,Bosnia & Herzegovina,Adventure / local tip,21,N,3,Medium,,719,43.4,5.5,26.4,2,2,2,1,1061,42.3,5.4,25.8,4,5,3,2,36.1,N,,N,Y,1140,42.8,5.3,25.1,4,5,3,2,Trial-reel distribution only; not promoted,
R18V5,R18,Jul 20 – Aug 2,SRC-018,Swimming Under the Bridge,A hot-day swim spot framed by a dramatic bridge and local routine.,2026-07-21,12:30 PM,Tuesday,Phase 1 — Hook,Hook Type,Cold Open / Visual-only,[No opening text; start underwater looking up at the bridge],Existing visual/audio opening; hook layer removed,Bosnia & Herzegovina,Adventure / local tip,21,N,2,Medium,,752,36.5,5.4,25.6,2,3,1,2,986,38.2,5.0,23.8,6,6,3,4,33.4,N,,N,Y,1131,38.3,4.9,23.4,6,7,3,4,Trial-reel distribution only; not promoted,
R19V1,R19,Jul 20 – Aug 2,SRC-019,The Quiet Side of the Island,A scooter ride to a less-visited side of an island contrasts crowded and quiet beaches.,2026-07-22,2:00 PM,Wednesday,Phase 1 — Hook,Hook Type,Credential,Harvard students drive 40 minutes past the famous beach to see what everyone skips,Text overlay + matched opening audio,Greece,Scenic / recommendation,30,N,3,High,,242,44.9,7.8,26.1,0,2,0,0,312,43.8,7.4,24.5,1,3,1,0,37.2,N,,N,Y,361,44.0,7.3,24.4,1,3,1,0,Trial-reel distribution only; not promoted,
R19V2,R19,Jul 20 – Aug 2,SRC-019,The Quiet Side of the Island,A scooter ride to a less-visited side of an island contrasts crowded and quiet beaches.,2026-07-22,2:00 PM,Wednesday,Phase 1 — Hook,Hook Type,Numbered / Specific,"2 beaches, 40 minutes apart, completely different trip",Text overlay + matched opening audio,Greece,Scenic / recommendation,30,Y,1,High,Strong fit between the opening idea and the source footage; team would normally publish this treatment without a debate.,301,56.0,10.7,35.7,1,2,0,1,403,57.3,10.2,34.2,2,5,1,2,49.6,Y,2026-07-24,Y,Y,2536,52.9,9.6,32.1,10,24,4,8,Promoted to main feed after 48h; 7d reflects trial + feed distribution,
R19V3,R19,Jul 20 – Aug 2,SRC-019,The Quiet Side of the Island,A scooter ride to a less-visited side of an island contrasts crowded and quiet beaches.,2026-07-22,2:00 PM,Wednesday,Phase 1 — Hook,Hook Type,POV / Direct-address,POV: you keep driving after everyone else parks,Text overlay + matched opening audio,Greece,Scenic / recommendation,30,N,2,High,,239,45.8,8.9,29.5,2,1,0,0,350,45.3,8.5,28.3,4,2,1,0,39.4,N,,N,Y,393,44.1,8.7,29.0,4,2,1,0,Trial-reel distribution only; not promoted,
R19V4,R19,Jul 20 – Aug 2,SRC-019,The Quiet Side of the Island,A scooter ride to a less-visited side of an island contrasts crowded and quiet beaches.,2026-07-22,2:00 PM,Wednesday,Phase 1 — Hook,Hook Type,Contrarian / Pattern-break,The famous beach is not the reason we would come back,Text overlay + matched opening audio,Greece,Scenic / recommendation,30,N,5,High,,252,47.9,8.0,26.6,1,1,0,0,326,48.2,8.0,26.6,2,2,1,2,41.3,N,,N,Y,342,47.0,8.3,27.5,2,2,1,2,Trial-reel distribution only; not promoted,
R19V5,R19,Jul 20 – Aug 2,SRC-019,The Quiet Side of the Island,A scooter ride to a less-visited side of an island contrasts crowded and quiet beaches.,2026-07-22,2:00 PM,Wednesday,Phase 1 — Hook,Hook Type,Cold Open / Visual-only,[No opening text; start on the empty cove reveal after the turn],Existing visual/audio opening; hook layer removed,Greece,Scenic / recommendation,30,N,4,High,,243,44.1,7.7,25.7,0,1,0,0,357,45.6,8.2,27.3,1,2,1,0,38.6,N,,N,Y,432,46.1,7.8,26.1,1,2,1,0,Trial-reel distribution only; not promoted,
R20V1,R20,Jul 20 – Aug 2,SRC-020,The Wrong Menu Translation,A translation mistake leads to an unexpected order and reaction-driven food sequence.,2026-07-23,11:00 AM,Thursday,Phase 1 — Hook,Hook Type,Credential,Harvard students trust one translated menu line in Osaka and order the wrong thing,Text overlay + matched opening audio,Japan,Humor / food,25,N,3,High,,255,48.9,6.2,24.9,2,2,0,0,338,48.0,5.7,22.9,3,3,0,0,40.5,N,,N,Y,356,47.5,5.6,22.5,3,3,0,0,Trial-reel distribution only; not promoted,
R20V2,R20,Jul 20 – Aug 2,SRC-020,The Wrong Menu Translation,A translation mistake leads to an unexpected order and reaction-driven food sequence.,2026-07-23,11:00 AM,Thursday,Phase 1 — Hook,Hook Type,Numbered / Specific,One translation mistake changed our entire dinner,Text overlay + matched opening audio,Japan,Humor / food,25,N,4,High,,222,43.8,5.4,21.8,2,1,0,0,312,44.3,5.1,20.3,3,2,1,0,37.1,N,,N,Y,331,43.6,5.0,20.1,3,2,1,0,Trial-reel distribution only; not promoted,
R20V3,R20,Jul 20 – Aug 2,SRC-020,The Wrong Menu Translation,A translation mistake leads to an unexpected order and reaction-driven food sequence.,2026-07-23,11:00 AM,Thursday,Phase 1 — Hook,Hook Type,POV / Direct-address,POV: Google Translate confidently orders for you,Text overlay + matched opening audio,Japan,Humor / food,25,N,5,High,,195,46.6,5.2,20.7,1,1,0,0,298,45.0,5.1,20.3,2,2,0,1,37.7,N,,N,Y,323,45.5,4.8,19.2,2,2,0,1,Trial-reel distribution only; not promoted,
R20V4,R20,Jul 20 – Aug 2,SRC-020,The Wrong Menu Translation,A translation mistake leads to an unexpected order and reaction-driven food sequence.,2026-07-23,11:00 AM,Thursday,Phase 1 — Hook,Hook Type,Contrarian / Pattern-break,Sometimes the wrong order is the better order,Text overlay + matched opening audio,Japan,Humor / food,25,Y,1,High,Strong fit between the opening idea and the source footage; team would normally publish this treatment without a debate.,241,58.4,7.3,29.2,1,1,0,1,358,57.6,6.8,27.1,2,3,0,2,48.3,Y,2026-07-25,Y,Y,2668,54.5,6.0,23.9,10,15,0,10,Promoted to main feed after 48h; 7d reflects trial + feed distribution,
R20V5,R20,Jul 20 – Aug 2,SRC-020,The Wrong Menu Translation,A translation mistake leads to an unexpected order and reaction-driven food sequence.,2026-07-23,11:00 AM,Thursday,Phase 1 — Hook,Hook Type,Cold Open / Visual-only,[No opening text; start on the dish landing and both reactions],Existing visual/audio opening; hook layer removed,Japan,Humor / food,25,N,2,High,,231,44.7,4.3,17.2,1,1,0,0,325,46.4,4.6,18.5,3,3,1,1,38.9,N,,N,Y,356,46.2,4.4,17.5,3,3,1,1,Trial-reel distribution only; not promoted,
R21V1,R21,Jul 20 – Aug 2,SRC-021,Elevator to a Hike,A city elevator exits directly into a steep hillside trail with skyline payoff.,2026-07-24,12:30 PM,Friday,Phase 1 — Hook,Hook Type,Credential,Harvard travelers take an elevator out of a mall and somehow end up on a mountain,Text overlay + matched opening audio,Hong Kong,Urban adventure,33,Y,1,Medium,"Two treatments felt viable, but this one had the clearest immediate promise and cleanest first-frame fit.",260,49.2,13.0,39.5,0,0,0,0,365,51.0,12.5,38.0,1,1,0,2,44.7,Y,2026-07-26,Y,Y,2462,47.9,11.8,35.7,4,5,0,9,Promoted to main feed after 48h; 7d reflects trial + feed distribution,
R21V2,R21,Jul 20 – Aug 2,SRC-021,Elevator to a Hike,A city elevator exits directly into a steep hillside trail with skyline payoff.,2026-07-24,12:30 PM,Friday,Phase 1 — Hook,Hook Type,Numbered / Specific,12 minutes from a shopping mall to this hiking view,Text overlay + matched opening audio,Hong Kong,Urban adventure,33,N,3,Medium,,215,45.5,9.8,29.8,1,2,0,0,333,44.4,10.5,32.0,3,3,0,1,39.8,N,,N,Y,403,44.2,10.4,31.4,3,3,0,1,Trial-reel distribution only; not promoted,
R21V3,R21,Jul 20 – Aug 2,SRC-021,Elevator to a Hike,A city elevator exits directly into a steep hillside trail with skyline payoff.,2026-07-24,12:30 PM,Friday,Phase 1 — Hook,Hook Type,POV / Direct-address,POV: your hike starts inside a mall elevator,Text overlay + matched opening audio,Hong Kong,Urban adventure,33,N,4,Medium,,231,41.4,10.7,32.4,0,1,0,0,305,41.3,10.4,31.6,1,3,1,0,36.7,N,,N,Y,322,42.3,10.6,32.0,1,3,1,0,Trial-reel distribution only; not promoted,
R21V4,R21,Jul 20 – Aug 2,SRC-021,Elevator to a Hike,A city elevator exits directly into a steep hillside trail with skyline payoff.,2026-07-24,12:30 PM,Friday,Phase 1 — Hook,Hook Type,Contrarian / Pattern-break,The weirdest trailhead we found was air-conditioned,Text overlay + matched opening audio,Hong Kong,Urban adventure,33,N,5,Medium,,177,38.7,10.1,30.6,0,2,0,0,273,39.4,9.6,29.2,1,3,0,0,35.1,N,,N,Y,312,38.6,9.5,28.9,1,3,0,0,Trial-reel distribution only; not promoted,
R21V5,R21,Jul 20 – Aug 2,SRC-021,Elevator to a Hike,A city elevator exits directly into a steep hillside trail with skyline payoff.,2026-07-24,12:30 PM,Friday,Phase 1 — Hook,Hook Type,Cold Open / Visual-only,"[No opening text; start inside the elevator, then cut to the summit]",Existing visual/audio opening; hook layer removed,Hong Kong,Urban adventure,33,N,2,Medium,,213,39.5,9.0,27.4,1,2,0,0,320,40.4,8.7,26.5,2,4,0,0,35.7,N,,N,Y,384,41.1,8.7,26.4,2,4,0,0,Trial-reel distribution only; not promoted,
R22V1,R22,Jul 20 – Aug 2,SRC-022,Five-Euro Stadium Seat,A cheap local match ticket becomes a value comparison and atmosphere reel.,2026-07-25,2:00 PM,Saturday,Phase 1 — Hook,Hook Type,Credential,Harvard students buy €5 football tickets in Porto and get this view,Text overlay + matched opening audio,Portugal,Sports / value,29,N,5,High,,122,60.4,7.0,24.0,1,1,0,0,164,59.6,7.1,24.3,2,2,0,1,50.3,N,,N,Y,184,60.0,7.3,25.2,2,2,0,1,Trial-reel distribution only; not promoted,
R22V2,R22,Jul 20 – Aug 2,SRC-022,Five-Euro Stadium Seat,A cheap local match ticket becomes a value comparison and atmosphere reel.,2026-07-25,2:00 PM,Saturday,Phase 1 — Hook,Hook Type,Numbered / Specific,What a €5 football ticket actually gets you in Portugal,Text overlay + matched opening audio,Portugal,Sports / value,29,N,3,High,,113,53.5,6.2,21.4,0,1,0,0,153,53.1,6.3,21.8,0,2,0,0,43.5,N,,N,Y,181,53.4,6.5,22.5,0,2,0,0,Trial-reel distribution only; not promoted,
R22V3,R22,Jul 20 – Aug 2,SRC-022,Five-Euro Stadium Seat,A cheap local match ticket becomes a value comparison and atmosphere reel.,2026-07-25,2:00 PM,Saturday,Phase 1 — Hook,Hook Type,POV / Direct-address,POV: your cheapest night out is a football match,Text overlay + matched opening audio,Portugal,Sports / value,29,Y,1,High,Strong fit between the opening idea and the source footage; team would normally publish this treatment without a debate.,120,66.8,7.5,25.9,0,2,0,0,171,65.4,7.2,24.8,1,3,0,1,54.5,Y,2026-07-27,Y,Y,1524,58.8,6.5,22.5,6,19,0,7,Promoted to main feed after 48h; 7d reflects trial + feed distribution,
R22V4,R22,Jul 20 – Aug 2,SRC-022,Five-Euro Stadium Seat,A cheap local match ticket becomes a value comparison and atmosphere reel.,2026-07-25,2:00 PM,Saturday,Phase 1 — Hook,Hook Type,Contrarian / Pattern-break,The best-value seat in the stadium might be the cheapest one,Text overlay + matched opening audio,Portugal,Sports / value,29,N,4,High,,93,51.0,4.0,13.9,0,1,0,0,147,51.8,4.5,15.6,0,2,0,0,41.5,N,,N,Y,176,52.0,4.8,16.6,0,2,0,0,Trial-reel distribution only; not promoted,
R22V5,R22,Jul 20 – Aug 2,SRC-022,Five-Euro Stadium Seat,A cheap local match ticket becomes a value comparison and atmosphere reel.,2026-07-25,2:00 PM,Saturday,Phase 1 — Hook,Hook Type,Cold Open / Visual-only,[No opening text; start on the crowd erupting from the €5 section],Existing visual/audio opening; hook layer removed,Portugal,Sports / value,29,N,2,High,,86,52.3,6.6,22.8,0,0,0,0,139,51.8,6.1,21.0,1,1,0,0,42.5,N,,N,Y,148,51.8,6.3,21.6,1,1,0,0,Trial-reel distribution only; not promoted,
R23V1,R23,Jul 20 – Aug 2,SRC-023,The Village Vending Machine,A strange roadside vending machine becomes a quick curiosity/reveal piece.,2026-07-26,11:00 AM,Sunday,Phase 1 — Hook,Hook Type,Credential,Harvard travelers find a vending machine in rural Italy that sells dinner,Text overlay + matched opening audio,Italy,Oddity / discovery,20,N,4,High,,235,50.7,3.7,18.7,1,1,0,0,351,51.4,3.7,18.3,2,2,0,1,41.7,N,,N,Y,387,51.0,3.5,17.4,2,2,0,1,Trial-reel distribution only; not promoted,
R23V2,R23,Jul 20 – Aug 2,SRC-023,The Village Vending Machine,A strange roadside vending machine becomes a quick curiosity/reveal piece.,2026-07-26,11:00 AM,Sunday,Phase 1 — Hook,Hook Type,Numbered / Specific,This vending machine has 14 things we did not expect,Text overlay + matched opening audio,Italy,Oddity / discovery,20,Y,1,High,Strong fit between the opening idea and the source footage; team would normally publish this treatment without a debate.,285,63.4,5.2,25.8,1,3,0,1,425,62.9,4.8,24.2,4,7,1,3,52.6,Y,2026-07-28,Y,Y,2038,57.9,3.9,19.6,13,27,4,10,Promoted to main feed after 48h; 7d reflects trial + feed distribution,
R23V3,R23,Jul 20 – Aug 2,SRC-023,The Village Vending Machine,A strange roadside vending machine becomes a quick curiosity/reveal piece.,2026-07-26,11:00 AM,Sunday,Phase 1 — Hook,Hook Type,POV / Direct-address,POV: the only open restaurant is a vending machine,Text overlay + matched opening audio,Italy,Oddity / discovery,20,N,5,High,,266,52.6,3.6,18.0,2,1,0,0,384,51.1,3.8,19.2,4,4,1,1,42.6,N,,N,Y,434,50.0,3.7,18.5,4,4,1,1,Trial-reel distribution only; not promoted,
R23V4,R23,Jul 20 – Aug 2,SRC-023,The Village Vending Machine,A strange roadside vending machine becomes a quick curiosity/reveal piece.,2026-07-26,11:00 AM,Sunday,Phase 1 — Hook,Hook Type,Contrarian / Pattern-break,Rural Italy solved late-night dinner in the strangest way,Text overlay + matched opening audio,Italy,Oddity / discovery,20,N,2,High,,290,54.0,3.9,19.4,1,1,0,0,396,55.5,4.2,20.9,3,2,0,0,45.0,N,,N,Y,424,54.6,4.2,21.1,3,2,0,0,Trial-reel distribution only; not promoted,
R23V5,R23,Jul 20 – Aug 2,SRC-023,The Village Vending Machine,A strange roadside vending machine becomes a quick curiosity/reveal piece.,2026-07-26,11:00 AM,Sunday,Phase 1 — Hook,Hook Type,Cold Open / Visual-only,[No opening text; start on the machine door opening],Existing visual/audio opening; hook layer removed,Italy,Oddity / discovery,20,N,3,High,,250,51.3,2.6,13.0,2,0,0,1,392,52.4,2.9,14.6,4,2,1,2,42.4,N,,N,Y,441,53.2,2.7,13.7,4,2,1,2,Trial-reel distribution only; not promoted,
R24V1,R24,Jul 20 – Aug 2,SRC-024,Three-Minute Border Crossing,A rapid border-crossing explainer built around how uneventful the process actually feels.,2026-07-27,12:30 PM,Monday,Phase 1 — Hook,Hook Type,Credential,Harvard students cross an international border in three minutes without leaving the bus,Text overlay + matched opening audio,Estonia,Transit / explainer,27,N,4,Low,,303,56.6,9.1,33.6,1,3,0,1,402,56.7,9.4,34.7,3,6,1,2,49.8,N,,N,N,437,57.7,9.1,33.6,3,6,1,2,Trial-reel distribution only; not promoted,
R24V2,R24,Jul 20 – Aug 2,SRC-024,Three-Minute Border Crossing,A rapid border-crossing explainer built around how uneventful the process actually feels.,2026-07-27,12:30 PM,Monday,Phase 1 — Hook,Hook Type,Numbered / Specific,This international border crossing took 3 minutes,Text overlay + matched opening audio,Estonia,Transit / explainer,27,Y,1,Low,No hook had an obvious edge before posting; this was a preference rather than a conviction call.,340,61.5,10.5,38.7,2,4,0,2,456,61.1,10.8,40.0,4,10,1,3,54.2,N,,N,N,518,60.2,10.6,39.4,4,11,1,3,Trial-reel distribution only; not promoted,
R24V3,R24,Jul 20 – Aug 2,SRC-024,Three-Minute Border Crossing,A rapid border-crossing explainer built around how uneventful the process actually feels.,2026-07-27,12:30 PM,Monday,Phase 1 — Hook,Hook Type,POV / Direct-address,POV: you cross countries before your playlist changes songs,Text overlay + matched opening audio,Estonia,Transit / explainer,27,N,5,Low,,287,57.3,9.8,36.2,3,1,0,0,438,55.9,9.3,34.3,6,2,2,1,48.5,N,,N,N,461,55.0,9.0,33.4,6,2,2,1,Trial-reel distribution only; not promoted,
R24V4,R24,Jul 20 – Aug 2,SRC-024,Three-Minute Border Crossing,A rapid border-crossing explainer built around how uneventful the process actually feels.,2026-07-27,12:30 PM,Monday,Phase 1 — Hook,Hook Type,Contrarian / Pattern-break,The least dramatic border crossing made the best travel day,Text overlay + matched opening audio,Estonia,Transit / explainer,27,N,3,Low,,319,61.6,12.0,44.3,1,4,0,1,476,63.0,11.7,43.5,4,8,0,3,56.2,Y,2026-07-29,Y,N,5161,57.7,10.5,38.8,35,64,0,25,Promoted to main feed after 48h; 7d reflects trial + feed distribution,
R24V5,R24,Jul 20 – Aug 2,SRC-024,Three-Minute Border Crossing,A rapid border-crossing explainer built around how uneventful the process actually feels.,2026-07-27,12:30 PM,Monday,Phase 1 — Hook,Hook Type,Cold Open / Visual-only,[No opening text; start on the country sign passing the bus window],Existing visual/audio opening; hook layer removed,Estonia,Transit / explainer,27,N,2,Low,,244,50.2,8.6,31.9,1,1,0,0,377,50.1,9.0,33.2,3,4,1,0,43.9,N,,N,N,404,49.6,9.1,33.8,3,4,1,0,Trial-reel distribution only; not promoted,
R25V1,R25,Jul 20 – Aug 2,SRC-025,The Rooftop Nobody Advertised,A hostel/common-space reveal where the advertised room is ordinary but the roof is exceptional.,2026-07-28,2:00 PM,Tuesday,Phase 1 — Hook,Hook Type,Credential,Harvard students book a basic hostel in Buenos Aires and find the part they forgot to advertise,Text overlay + matched opening audio,Argentina,Stay / reveal,24,N,3,High,,504,45.3,7.0,29.3,1,2,0,2,757,45.1,7.2,30.2,2,4,2,4,39.2,N,,N,Y,823,44.0,7.2,30.2,2,4,2,4,Trial-reel distribution only; not promoted,
R25V2,R25,Jul 20 – Aug 2,SRC-025,The Rooftop Nobody Advertised,A hostel/common-space reveal where the advertised room is ordinary but the roof is exceptional.,2026-07-28,2:00 PM,Tuesday,Phase 1 — Hook,Hook Type,Numbered / Specific,The room was average. The 8th-floor roof was not.,Text overlay + matched opening audio,Argentina,Stay / reveal,24,N,2,High,,584,48.7,8.5,35.4,4,6,1,2,825,50.3,8.6,35.7,7,10,2,3,45.1,N,,N,Y,934,50.5,8.3,34.6,7,11,2,3,Trial-reel distribution only; not promoted,
R25V3,R25,Jul 20 – Aug 2,SRC-025,The Rooftop Nobody Advertised,A hostel/common-space reveal where the advertised room is ordinary but the roof is exceptional.,2026-07-28,2:00 PM,Tuesday,Phase 1 — Hook,Hook Type,POV / Direct-address,POV: the best part of your hostel is not in any booking photo,Text overlay + matched opening audio,Argentina,Stay / reveal,24,N,5,High,,548,43.9,7.6,31.8,2,3,0,1,758,44.7,7.9,32.9,4,8,1,4,40.2,N,,N,Y,869,45.5,8.2,34.0,4,8,1,4,Trial-reel distribution only; not promoted,
R25V4,R25,Jul 20 – Aug 2,SRC-025,The Rooftop Nobody Advertised,A hostel/common-space reveal where the advertised room is ordinary but the roof is exceptional.,2026-07-28,2:00 PM,Tuesday,Phase 1 — Hook,Hook Type,Contrarian / Pattern-break,The photos undersold this place for once,Text overlay + matched opening audio,Argentina,Stay / reveal,24,N,4,High,,575,48.7,7.9,32.8,5,2,1,2,830,47.9,7.8,32.5,8,5,3,4,42.4,N,,N,Y,868,48.8,7.7,32.2,8,5,3,4,Trial-reel distribution only; not promoted,
R25V5,R25,Jul 20 – Aug 2,SRC-025,The Rooftop Nobody Advertised,A hostel/common-space reveal where the advertised room is ordinary but the roof is exceptional.,2026-07-28,2:00 PM,Tuesday,Phase 1 — Hook,Hook Type,Cold Open / Visual-only,[No opening text; start on the stairwell door opening to the skyline],Existing visual/audio opening; hook layer removed,Argentina,Stay / reveal,24,Y,1,High,Strong fit between the opening idea and the source footage; team would normally publish this treatment without a debate.,581,52.9,9.4,39.0,4,5,1,2,913,53.2,9.5,39.8,9,10,2,4,48.0,Y,2026-07-30,Y,Y,4165,49.0,8.5,35.2,35,34,9,13,Promoted to main feed after 48h; 7d reflects trial + feed distribution,
R26V1,R26,Aug 3 – Aug 16,SRC-026,Lunch Between Two Waterfalls,A simple packed lunch becomes a visual midpoint between two waterfall hikes.,2026-08-03,10:00 AM,Monday,Phase 1 — Hook,Hook Type,Credential,Harvard travelers find the most ridiculous place to eat a grocery-store lunch in Iceland,Text overlay + matched opening audio,Iceland,Scenic / food,28,Y,1,Medium,"Two treatments felt viable, but this one had the clearest immediate promise and cleanest first-frame fit.",91,65.8,9.1,32.6,0,1,0,0,146,64.3,9.0,32.1,1,2,0,1,54.8,Y,2026-08-05,Y,Y,1431,60.1,8.5,30.2,7,15,0,7,Promoted to main feed after 48h; 7d reflects trial + feed distribution,
R26V2,R26,Aug 3 – Aug 16,SRC-026,Lunch Between Two Waterfalls,A simple packed lunch becomes a visual midpoint between two waterfall hikes.,2026-08-03,10:00 AM,Monday,Phase 1 — Hook,Hook Type,Numbered / Specific,"$9 lunch, two waterfalls, zero restaurant",Text overlay + matched opening audio,Iceland,Scenic / food,28,N,3,Medium,,85,50.8,6.3,22.3,0,0,0,0,112,49.1,6.5,23.2,1,1,0,0,41.3,N,,N,Y,135,49.4,6.8,24.2,1,1,0,0,Trial-reel distribution only; not promoted,
R26V3,R26,Aug 3 – Aug 16,SRC-026,Lunch Between Two Waterfalls,A simple packed lunch becomes a visual midpoint between two waterfall hikes.,2026-08-03,10:00 AM,Monday,Phase 1 — Hook,Hook Type,POV / Direct-address,POV: your lunch table is a rock between two waterfalls,Text overlay + matched opening audio,Iceland,Scenic / food,28,N,2,Medium,,89,51.4,8.3,29.5,0,0,0,0,128,53.3,8.0,28.7,1,1,0,0,45.1,N,,N,Y,135,52.7,7.8,27.8,1,1,0,0,Trial-reel distribution only; not promoted,
R26V4,R26,Aug 3 – Aug 16,SRC-026,Lunch Between Two Waterfalls,A simple packed lunch becomes a visual midpoint between two waterfall hikes.,2026-08-03,10:00 AM,Monday,Phase 1 — Hook,Hook Type,Contrarian / Pattern-break,This was better than every expensive lunch we had that week,Text overlay + matched opening audio,Iceland,Scenic / food,28,N,4,Medium,,103,54.8,7.3,26.1,0,0,0,0,133,54.6,7.4,26.3,1,0,0,0,44.8,N,,N,Y,160,53.9,7.2,25.7,1,0,0,0,Trial-reel distribution only; not promoted,
R26V5,R26,Aug 3 – Aug 16,SRC-026,Lunch Between Two Waterfalls,A simple packed lunch becomes a visual midpoint between two waterfall hikes.,2026-08-03,10:00 AM,Monday,Phase 1 — Hook,Hook Type,Cold Open / Visual-only,[No opening text; start on the sandwich with waterfalls in both directions],Existing visual/audio opening; hook layer removed,Iceland,Scenic / food,28,N,5,Medium,,81,50.4,6.8,24.4,0,0,0,0,110,51.7,7.0,25.0,1,1,0,0,43.5,N,,N,Y,125,52.3,7.0,24.9,1,1,0,0,Trial-reel distribution only; not promoted,
R27V1,R27,Aug 3 – Aug 16,SRC-027,Lost in the Blue Streets,A navigation mishap through blue-painted lanes becomes a light story about getting intentionally lost.,2026-08-04,11:30 AM,Tuesday,Phase 1 — Hook,Hook Type,Credential,Harvard travelers get lost for 40 minutes in Sidi Bou Said and stop trying to fix it,Text overlay + matched opening audio,Tunisia,Navigation / visual,31,N,5,High,,102,51.2,9.0,29.1,0,0,0,0,162,51.0,9.1,29.4,0,1,0,1,43.2,N,,N,Y,170,50.6,9.3,30.0,0,1,0,1,Trial-reel distribution only; not promoted,
R27V2,R27,Aug 3 – Aug 16,SRC-027,Lost in the Blue Streets,A navigation mishap through blue-painted lanes becomes a light story about getting intentionally lost.,2026-08-04,11:30 AM,Tuesday,Phase 1 — Hook,Hook Type,Numbered / Specific,We made 9 wrong turns and somehow improved the afternoon,Text overlay + matched opening audio,Tunisia,Navigation / visual,31,N,3,High,,112,53.5,11.6,37.4,0,1,0,0,176,54.7,11.0,35.4,1,2,0,0,47.5,N,,N,Y,206,55.6,10.8,34.8,1,2,0,0,Trial-reel distribution only; not promoted,
R27V3,R27,Aug 3 – Aug 16,SRC-027,Lost in the Blue Streets,A navigation mishap through blue-painted lanes becomes a light story about getting intentionally lost.,2026-08-04,11:30 AM,Tuesday,Phase 1 — Hook,Hook Type,POV / Direct-address,POV: every street looks right and none of them are,Text overlay + matched opening audio,Tunisia,Navigation / visual,31,Y,1,High,Strong fit between the opening idea and the source footage; team would normally publish this treatment without a debate.,120,62.8,12.9,41.5,0,0,0,0,186,64.3,12.3,39.6,1,1,0,1,55.0,Y,2026-08-06,Y,Y,1885,57.6,10.9,35.2,6,8,0,6,Promoted to main feed after 48h; 7d reflects trial + feed distribution,
R27V4,R27,Aug 3 – Aug 16,SRC-027,Lost in the Blue Streets,A navigation mishap through blue-painted lanes becomes a light story about getting intentionally lost.,2026-08-04,11:30 AM,Tuesday,Phase 1 — Hook,Hook Type,Contrarian / Pattern-break,Getting lost is only a problem when you are in a hurry,Text overlay + matched opening audio,Tunisia,Navigation / visual,31,N,2,High,,134,53.0,10.7,34.4,0,0,0,0,177,51.7,10.7,34.5,1,1,0,0,44.6,N,,N,Y,195,51.3,10.6,34.2,1,1,0,0,Trial-reel distribution only; not promoted,
R27V5,R27,Aug 3 – Aug 16,SRC-027,Lost in the Blue Streets,A navigation mishap through blue-painted lanes becomes a light story about getting intentionally lost.,2026-08-04,11:30 AM,Tuesday,Phase 1 — Hook,Hook Type,Cold Open / Visual-only,[No opening text; start on three rapid cuts of identical blue lanes],Existing visual/audio opening; hook layer removed,Tunisia,Navigation / visual,31,N,4,High,,132,53.0,9.3,30.0,1,0,0,0,170,51.6,9.5,30.7,2,0,0,0,43.9,N,,N,Y,193,52.0,9.4,30.4,2,0,0,0,Trial-reel distribution only; not promoted,
R28V1,R28,Aug 3 – Aug 16,SRC-028,The 90-Second Boat Ride,An absurdly short ferry crossing is framed as both transit and attraction.,2026-08-05,1:00 PM,Wednesday,Phase 1 — Hook,Hook Type,Credential,Harvard students take Norway’s shortest-feeling ferry ride for the view,Text overlay + matched opening audio,Norway,Transit / scenic,18,N,5,Medium,,209,54.3,4.1,22.8,1,0,0,1,328,53.4,4.4,24.5,3,1,0,2,44.7,N,,N,Y,367,53.4,4.5,25.1,3,1,0,2,Trial-reel distribution only; not promoted,
R28V2,R28,Aug 3 – Aug 16,SRC-028,The 90-Second Boat Ride,An absurdly short ferry crossing is framed as both transit and attraction.,2026-08-05,1:00 PM,Wednesday,Phase 1 — Hook,Hook Type,Numbered / Specific,This ferry ride lasts 90 seconds and people still line up for it,Text overlay + matched opening audio,Norway,Transit / scenic,18,Y,1,Medium,"Two treatments felt viable, but this one had the clearest immediate promise and cleanest first-frame fit.",305,67.1,5.3,29.5,3,6,0,1,402,65.4,5.3,29.5,5,9,0,2,55.4,Y,2026-08-07,Y,Y,4356,61.8,4.5,25.1,47,77,0,15,Promoted to main feed after 48h; 7d reflects trial + feed distribution,
R28V3,R28,Aug 3 – Aug 16,SRC-028,The 90-Second Boat Ride,An absurdly short ferry crossing is framed as both transit and attraction.,2026-08-05,1:00 PM,Wednesday,Phase 1 — Hook,Hook Type,POV / Direct-address,POV: your ferry arrives before you finish sitting down,Text overlay + matched opening audio,Norway,Transit / scenic,18,N,4,Medium,,268,56.0,4.9,27.5,1,2,0,0,347,56.8,5.2,28.8,3,6,0,1,49.0,N,,N,Y,370,56.7,5.1,28.5,3,6,0,1,Trial-reel distribution only; not promoted,
R28V4,R28,Aug 3 – Aug 16,SRC-028,The 90-Second Boat Ride,An absurdly short ferry crossing is framed as both transit and attraction.,2026-08-05,1:00 PM,Wednesday,Phase 1 — Hook,Hook Type,Contrarian / Pattern-break,The shortest ride gave us the best view of the day,Text overlay + matched opening audio,Norway,Transit / scenic,18,N,3,Medium,,212,50.4,3.6,20.3,1,0,0,0,347,50.0,4.0,22.3,4,2,1,1,42.0,N,,N,Y,389,49.8,4.0,22.3,4,2,1,1,Trial-reel distribution only; not promoted,
R28V5,R28,Aug 3 – Aug 16,SRC-028,The 90-Second Boat Ride,An absurdly short ferry crossing is framed as both transit and attraction.,2026-08-05,1:00 PM,Wednesday,Phase 1 — Hook,Hook Type,Cold Open / Visual-only,[No opening text; begin with the horn and immediate dock departure],Existing visual/audio opening; hook layer removed,Norway,Transit / scenic,18,N,2,Medium,,274,51.9,4.0,22.5,0,2,0,1,368,53.4,4.1,23.0,1,4,0,2,44.5,N,,N,Y,417,52.5,4.1,22.7,1,4,0,2,Trial-reel distribution only; not promoted,
R29V1,R29,Aug 3 – Aug 16,SRC-029,The Restaurant With No Sign,A hard-to-find restaurant setup pays off with a family-style meal and no formal signage.,2026-08-06,10:00 AM,Thursday,Phase 1 — Hook,Hook Type,Credential,Harvard travelers follow handwritten arrows to dinner in Tbilisi,Text overlay + matched opening audio,Georgia,Food / discovery,34,N,4,High,,244,48.0,14.3,41.9,0,1,0,1,339,48.1,13.9,41.0,2,3,1,2,44.1,N,,N,Y,387,47.2,13.7,40.3,2,3,1,2,Trial-reel distribution only; not promoted,
R29V2,R29,Aug 3 – Aug 16,SRC-029,The Restaurant With No Sign,A hard-to-find restaurant setup pays off with a family-style meal and no formal signage.,2026-08-06,10:00 AM,Thursday,Phase 1 — Hook,Hook Type,Numbered / Specific,4 handwritten arrows led us to this dinner,Text overlay + matched opening audio,Georgia,Food / discovery,34,N,2,High,,248,43.3,12.0,35.4,0,1,0,0,346,43.0,12.5,36.8,1,3,1,1,39.0,N,,N,Y,371,43.7,12.8,37.5,1,3,1,1,Trial-reel distribution only; not promoted,
R29V3,R29,Aug 3 – Aug 16,SRC-029,The Restaurant With No Sign,A hard-to-find restaurant setup pays off with a family-style meal and no formal signage.,2026-08-06,10:00 AM,Thursday,Phase 1 — Hook,Hook Type,POV / Direct-address,"POV: the restaurant has no sign, website, or obvious entrance",Text overlay + matched opening audio,Georgia,Food / discovery,34,N,5,High,,227,50.0,12.6,37.1,1,0,0,0,339,48.8,12.8,37.7,3,1,0,0,43.1,N,,N,Y,383,49.4,12.4,36.6,3,1,0,0,Trial-reel distribution only; not promoted,
R29V4,R29,Aug 3 – Aug 16,SRC-029,The Restaurant With No Sign,A hard-to-find restaurant setup pays off with a family-style meal and no formal signage.,2026-08-06,10:00 AM,Thursday,Phase 1 — Hook,Hook Type,Contrarian / Pattern-break,"The harder this place was to find, the better the meal got",Text overlay + matched opening audio,Georgia,Food / discovery,34,Y,1,High,Strong fit between the opening idea and the source footage; team would normally publish this treatment without a debate.,280,55.7,15.8,46.6,2,3,0,0,400,57.3,15.3,44.9,3,5,1,0,51.3,Y,2026-08-08,Y,Y,2598,51.1,14.3,42.1,15,23,5,0,Promoted to main feed after 48h; 7d reflects trial + feed distribution,
R29V5,R29,Aug 3 – Aug 16,SRC-029,The Restaurant With No Sign,A hard-to-find restaurant setup pays off with a family-style meal and no formal signage.,2026-08-06,10:00 AM,Thursday,Phase 1 — Hook,Hook Type,Cold Open / Visual-only,[No opening text; start on the handwritten arrow taped to a wall],Existing visual/audio opening; hook layer removed,Georgia,Food / discovery,34,N,3,High,,241,41.2,12.4,36.4,1,2,0,0,326,41.4,11.9,35.0,2,4,0,0,38.0,N,,N,Y,360,40.3,11.8,34.7,2,4,0,0,Trial-reel distribution only; not promoted,
R30V1,R30,Aug 3 – Aug 16,SRC-030,The Beach You Reach by Ladder,A short descent by metal ladder opens into a hidden swimming cove.,2026-08-07,11:30 AM,Friday,Phase 1 — Hook,Hook Type,Credential,Harvard students climb down a ladder to reach a beach in Malta,Text overlay + matched opening audio,Malta,Adventure / reveal,26,N,3,Medium,,128,55.1,6.5,24.8,0,0,0,0,167,56.9,6.7,25.7,1,1,0,0,46.8,Y,2026-08-09,Y,N,1274,50.3,6.2,23.9,6,6,0,0,Promoted to main feed after 48h; 7d reflects trial + feed distribution,
R30V2,R30,Aug 3 – Aug 16,SRC-030,The Beach You Reach by Ladder,A short descent by metal ladder opens into a hidden swimming cove.,2026-08-07,11:30 AM,Friday,Phase 1 — Hook,Hook Type,Numbered / Specific,37 ladder rungs to get to this swimming spot,Text overlay + matched opening audio,Malta,Adventure / reveal,26,N,4,Medium,,99,47.1,4.7,18.1,0,0,0,0,143,46.7,4.5,17.2,1,1,0,0,38.1,N,,N,N,154,45.7,4.3,16.7,1,1,0,0,Trial-reel distribution only; not promoted,
R30V3,R30,Aug 3 – Aug 16,SRC-030,The Beach You Reach by Ladder,A short descent by metal ladder opens into a hidden swimming cove.,2026-08-07,11:30 AM,Friday,Phase 1 — Hook,Hook Type,POV / Direct-address,POV: the beach entrance is straight down,Text overlay + matched opening audio,Malta,Adventure / reveal,26,Y,1,Medium,"Two treatments felt viable, but this one had the clearest immediate promise and cleanest first-frame fit.",115,56.3,6.5,25.2,0,1,0,0,152,55.1,6.7,25.9,0,2,0,0,45.6,N,,N,N,168,55.2,6.8,26.2,0,2,0,0,Trial-reel distribution only; not promoted,
R30V4,R30,Aug 3 – Aug 16,SRC-030,The Beach You Reach by Ladder,A short descent by metal ladder opens into a hidden swimming cove.,2026-08-07,11:30 AM,Friday,Phase 1 — Hook,Hook Type,Contrarian / Pattern-break,The worst beach entrance had the best water,Text overlay + matched opening audio,Malta,Adventure / reveal,26,N,2,Medium,,96,49.1,5.7,22.0,0,0,0,0,143,48.8,5.7,22.0,1,2,0,0,41.2,N,,N,N,151,48.2,5.5,21.2,1,2,0,0,Trial-reel distribution only; not promoted,
R30V5,R30,Aug 3 – Aug 16,SRC-030,The Beach You Reach by Ladder,A short descent by metal ladder opens into a hidden swimming cove.,2026-08-07,11:30 AM,Friday,Phase 1 — Hook,Hook Type,Cold Open / Visual-only,[No opening text; start looking straight down the ladder toward the cove],Existing visual/audio opening; hook layer removed,Malta,Adventure / reveal,26,N,5,Medium,,117,47.8,4.9,19.0,0,0,0,0,153,48.4,4.8,18.4,1,1,0,0,39.5,N,,N,N,160,48.5,4.9,18.9,1,1,0,0,Trial-reel distribution only; not promoted,
R31V1,R31,Aug 3 – Aug 16,SRC-031,Library With a View,A calm architecture reel built around a library reading room overlooking the city.,2026-08-08,1:00 PM,Saturday,Phase 1 — Hook,Hook Type,Credential,Harvard students find a library in Seoul with a better skyline than our hotel,Text overlay + matched opening audio,South Korea,Quiet / architecture,32,N,5,Low,,799,55.4,7.9,24.7,5,15,2,1,1281,54.9,7.8,24.3,12,22,5,3,46.8,N,,N,Y,1421,55.4,7.6,23.9,12,23,5,3,Trial-reel distribution only; not promoted,
R31V2,R31,Aug 3 – Aug 16,SRC-031,Library With a View,A calm architecture reel built around a library reading room overlooking the city.,2026-08-08,1:00 PM,Saturday,Phase 1 — Hook,Hook Type,Numbered / Specific,"3 floors up, this free reading room has the view we paid for elsewhere",Text overlay + matched opening audio,South Korea,Quiet / architecture,32,N,3,Low,,877,54.2,6.2,19.4,7,5,0,2,1156,52.5,6.5,20.4,14,11,2,5,44.1,N,,N,Y,1358,51.5,6.4,20.2,15,12,2,6,Trial-reel distribution only; not promoted,
R31V3,R31,Aug 3 – Aug 16,SRC-031,Library With a View,A calm architecture reel built around a library reading room overlooking the city.,2026-08-08,1:00 PM,Saturday,Phase 1 — Hook,Hook Type,POV / Direct-address,POV: you came to read and accidentally found a skyline deck,Text overlay + matched opening audio,South Korea,Quiet / architecture,32,Y,1,Low,No hook had an obvious edge before posting; this was a preference rather than a conviction call.,1023,67.4,9.3,29.1,5,7,1,1,1389,66.0,9.3,29.0,11,13,4,2,54.6,Y,2026-08-10,Y,Y,15790,63.4,8.0,24.9,89,102,38,16,Promoted to main feed after 48h; 7d reflects trial + feed distribution,
R31V4,R31,Aug 3 – Aug 16,SRC-031,Library With a View,A calm architecture reel built around a library reading room overlooking the city.,2026-08-08,1:00 PM,Saturday,Phase 1 — Hook,Hook Type,Contrarian / Pattern-break,The quietest stop gave us one of the loudest views,Text overlay + matched opening audio,South Korea,Quiet / architecture,32,N,4,Low,,654,50.7,6.2,19.5,6,8,2,2,1046,50.6,5.8,18.0,13,14,3,4,42.6,N,,N,Y,1104,50.0,6.0,18.6,13,14,3,4,Trial-reel distribution only; not promoted,
R31V5,R31,Aug 3 – Aug 16,SRC-031,Library With a View,A calm architecture reel built around a library reading room overlooking the city.,2026-08-08,1:00 PM,Saturday,Phase 1 — Hook,Hook Type,Cold Open / Visual-only,[No opening text; start on a book lowering to reveal the skyline],Existing visual/audio opening; hook layer removed,South Korea,Quiet / architecture,32,N,2,Low,,742,54.2,8.1,25.2,6,7,1,2,1139,52.4,7.8,24.5,13,12,3,4,44.7,N,,N,Y,1318,52.9,7.7,24.1,15,13,3,4,Trial-reel distribution only; not promoted,
R32V1,R32,Aug 3 – Aug 16,SRC-032,Bus Driver’s Dinner Stop,An intercity bus makes an unannounced dinner stop that becomes the unexpected highlight.,2026-08-09,10:00 AM,Sunday,Phase 1 — Hook,Hook Type,Credential,Harvard travelers follow our Albanian bus driver into a roadside dinner stop,Text overlay + matched opening audio,Albania,Local moment / food,39,N,3,Medium,,333,61.0,13.8,35.5,2,3,1,0,493,59.1,14.2,36.4,5,5,2,0,51.1,N,,N,Y,569,59.1,13.8,35.4,5,5,2,0,Trial-reel distribution only; not promoted,
R32V2,R32,Aug 3 – Aug 16,SRC-032,Bus Driver’s Dinner Stop,An intercity bus makes an unannounced dinner stop that becomes the unexpected highlight.,2026-08-09,10:00 AM,Sunday,Phase 1 — Hook,Hook Type,Numbered / Specific,Our bus stopped for 22 minutes and nobody told us why,Text overlay + matched opening audio,Albania,Local moment / food,39,N,4,Medium,,360,54.5,14.6,37.3,2,3,0,1,468,55.6,14.0,35.8,4,6,1,2,49.0,N,,N,Y,546,55.7,14.3,36.7,4,6,1,2,Trial-reel distribution only; not promoted,
R32V3,R32,Aug 3 – Aug 16,SRC-032,Bus Driver’s Dinner Stop,An intercity bus makes an unannounced dinner stop that becomes the unexpected highlight.,2026-08-09,10:00 AM,Sunday,Phase 1 — Hook,Hook Type,POV / Direct-address,POV: everyone gets off the bus and you just follow them,Text overlay + matched opening audio,Albania,Local moment / food,39,N,2,Medium,,274,51.2,12.8,32.8,2,2,0,0,404,52.8,12.9,33.0,3,4,1,1,45.9,N,,N,Y,466,52.7,13.0,33.3,3,4,1,1,Trial-reel distribution only; not promoted,
R32V4,R32,Aug 3 – Aug 16,SRC-032,Bus Driver’s Dinner Stop,An intercity bus makes an unannounced dinner stop that becomes the unexpected highlight.,2026-08-09,10:00 AM,Sunday,Phase 1 — Hook,Hook Type,Contrarian / Pattern-break,The unplanned bus stop was better than our planned dinner,Text overlay + matched opening audio,Albania,Local moment / food,39,N,5,Medium,,352,54.0,12.8,32.8,1,1,0,1,453,52.4,13.2,33.8,3,2,0,2,45.4,N,,N,Y,484,52.9,13.5,34.7,3,2,0,2,Trial-reel distribution only; not promoted,
R32V5,R32,Aug 3 – Aug 16,SRC-032,Bus Driver’s Dinner Stop,An intercity bus makes an unannounced dinner stop that becomes the unexpected highlight.,2026-08-09,10:00 AM,Sunday,Phase 1 — Hook,Hook Type,Cold Open / Visual-only,[No opening text; start on the bus doors opening in the middle of nowhere],Existing visual/audio opening; hook layer removed,Albania,Local moment / food,39,Y,1,Medium,"Two treatments felt viable, but this one had the clearest immediate promise and cleanest first-frame fit.",349,60.2,14.9,38.1,4,1,0,0,465,61.1,15.6,40.0,7,3,1,0,53.3,Y,2026-08-11,Y,Y,3917,57.7,14.8,37.8,51,22,6,0,Promoted to main feed after 48h; 7d reflects trial + feed distribution,
R33V1,R33,Aug 3 – Aug 16,SRC-033,The Mountain Café Test,A simple hot-drink comparison at altitude uses environment and reaction as the hook.,2026-08-10,11:30 AM,Monday,Phase 1 — Hook,Hook Type,Credential,"Harvard travelers test whether coffee actually tastes better at 9,000 feet",Text overlay + matched opening audio,Nepal,Food / altitude,30,N,2,High,,213,40.4,8.5,28.4,1,0,0,0,281,40.3,9.2,30.6,2,1,0,0,35.6,N,,N,Y,328,40.9,9.2,30.8,2,1,0,0,Trial-reel distribution only; not promoted,
R33V2,R33,Aug 3 – Aug 16,SRC-033,The Mountain Café Test,A simple hot-drink comparison at altitude uses environment and reaction as the hook.,2026-08-10,11:30 AM,Monday,Phase 1 — Hook,Hook Type,Numbered / Specific,"Coffee at 9,000 feet vs. sea level — we had a clear winner",Text overlay + matched opening audio,Nepal,Food / altitude,30,Y,1,High,Strong fit between the opening idea and the source footage; team would normally publish this treatment without a debate.,247,52.4,11.5,38.5,2,3,0,0,335,52.2,11.4,38.1,4,5,0,0,47.1,Y,2026-08-12,Y,Y,3164,49.4,10.1,33.8,30,40,0,0,Promoted to main feed after 48h; 7d reflects trial + feed distribution,
R33V3,R33,Aug 3 – Aug 16,SRC-033,The Mountain Café Test,A simple hot-drink comparison at altitude uses environment and reaction as the hook.,2026-08-10,11:30 AM,Monday,Phase 1 — Hook,Hook Type,POV / Direct-address,POV: your coffee shop requires a two-hour climb,Text overlay + matched opening audio,Nepal,Food / altitude,30,N,4,High,,224,44.8,9.5,31.7,1,0,0,0,290,43.5,9.8,32.7,2,2,0,1,38.9,N,,N,Y,337,44.4,9.8,32.7,2,2,0,1,Trial-reel distribution only; not promoted,
R33V4,R33,Aug 3 – Aug 16,SRC-033,The Mountain Café Test,A simple hot-drink comparison at altitude uses environment and reaction as the hook.,2026-08-10,11:30 AM,Monday,Phase 1 — Hook,Hook Type,Contrarian / Pattern-break,Altitude should not improve instant coffee this much,Text overlay + matched opening audio,Nepal,Food / altitude,30,N,3,High,,182,40.4,9.7,32.2,1,1,0,0,274,39.1,9.9,32.9,2,3,0,0,35.9,N,,N,Y,334,38.7,9.6,32.0,2,3,0,0,Trial-reel distribution only; not promoted,
R33V5,R33,Aug 3 – Aug 16,SRC-033,The Mountain Café Test,A simple hot-drink comparison at altitude uses environment and reaction as the hook.,2026-08-10,11:30 AM,Monday,Phase 1 — Hook,Hook Type,Cold Open / Visual-only,[No opening text; start on steam rising with the mountain behind it],Existing visual/audio opening; hook layer removed,Nepal,Food / altitude,30,N,5,High,,225,40.5,8.9,29.5,0,0,0,0,292,42.4,9.4,31.3,1,1,1,1,37.2,N,,N,Y,340,43.3,9.7,32.2,1,1,1,1,Trial-reel distribution only; not promoted,
R34V1,R34,Aug 3 – Aug 16,SRC-034,Sunset From the Parking Garage,A cheap skyline viewpoint comes from the top level of an ordinary parking garage.,2026-08-11,1:00 PM,Tuesday,Phase 1 — Hook,Hook Type,Credential,Harvard students find a free Sydney sunset view on top of a parking garage,Text overlay + matched opening audio,Australia,Urban scenic / tip,22,N,4,High,,235,54.8,7.6,34.4,1,1,0,0,308,55.6,8.0,36.2,2,3,0,1,48.5,N,,N,Y,345,56.2,7.8,35.4,2,3,0,1,Trial-reel distribution only; not promoted,
R34V2,R34,Aug 3 – Aug 16,SRC-034,Sunset From the Parking Garage,A cheap skyline viewpoint comes from the top level of an ordinary parking garage.,2026-08-11,1:00 PM,Tuesday,Phase 1 — Hook,Hook Type,Numbered / Specific,"$0 view, 9 floors up, no reservation",Text overlay + matched opening audio,Australia,Urban scenic / tip,22,N,3,High,,186,48.7,8.5,38.8,0,2,0,0,273,49.9,8.2,37.2,1,4,1,1,44.8,N,,N,Y,294,49.2,8.0,36.2,1,4,1,1,Trial-reel distribution only; not promoted,
R34V3,R34,Aug 3 – Aug 16,SRC-034,Sunset From the Parking Garage,A cheap skyline viewpoint comes from the top level of an ordinary parking garage.,2026-08-11,1:00 PM,Tuesday,Phase 1 — Hook,Hook Type,POV / Direct-address,POV: the best sunset spot is above rental cars,Text overlay + matched opening audio,Australia,Urban scenic / tip,22,N,5,High,,176,51.7,7.8,35.7,0,1,0,0,284,50.2,7.6,34.4,1,3,0,0,43.7,N,,N,Y,317,50.2,7.4,33.4,1,3,0,0,Trial-reel distribution only; not promoted,
R34V4,R34,Aug 3 – Aug 16,SRC-034,Sunset From the Parking Garage,A cheap skyline viewpoint comes from the top level of an ordinary parking garage.,2026-08-11,1:00 PM,Tuesday,Phase 1 — Hook,Hook Type,Contrarian / Pattern-break,Stop paying for rooftop bars if the garage next door looks like this,Text overlay + matched opening audio,Australia,Urban scenic / tip,22,Y,1,High,Strong fit between the opening idea and the source footage; team would normally publish this treatment without a debate.,201,60.0,8.5,38.5,1,2,0,0,314,61.0,8.9,40.6,3,4,0,0,53.5,Y,2026-08-13,Y,Y,1335,55.8,8.2,37.5,9,11,0,0,Promoted to main feed after 48h; 7d reflects trial + feed distribution,
R34V5,R34,Aug 3 – Aug 16,SRC-034,Sunset From the Parking Garage,A cheap skyline viewpoint comes from the top level of an ordinary parking garage.,2026-08-11,1:00 PM,Tuesday,Phase 1 — Hook,Hook Type,Cold Open / Visual-only,[No opening text; start on the elevator doors opening to sunset],Existing visual/audio opening; hook layer removed,Australia,Urban scenic / tip,22,N,2,High,,194,51.7,7.0,32.0,1,1,0,0,267,51.2,7.3,33.3,3,3,0,1,45.5,N,,N,Y,281,51.8,7.5,34.3,3,3,0,1,Trial-reel distribution only; not promoted,
R35V1,R35,Aug 3 – Aug 16,SRC-035,The 4 A.M. Fish Auction,A very early fish auction uses sensory footage and a short explainer arc.,2026-08-11,10:00 AM,Tuesday,Phase 1 — Hook,Hook Type,Credential,Harvard travelers wake up at 3:30 a.m. for a fish auction in Da Nang,Text overlay + matched opening audio,Vietnam,Culture / morning,41,Y,1,Low,No hook had an obvious edge before posting; this was a preference rather than a conviction call.,137,49.9,15.1,36.7,1,1,0,0,208,48.1,15.4,37.5,2,2,0,1,43.8,Y,2026-08-13,Y,Y,1667,45.4,14.9,36.2,12,10,0,6,Promoted to main feed after 48h; 7d reflects trial + feed distribution,
R35V2,R35,Aug 3 – Aug 16,SRC-035,The 4 A.M. Fish Auction,A very early fish auction uses sensory footage and a short explainer arc.,2026-08-11,10:00 AM,Tuesday,Phase 1 — Hook,Hook Type,Numbered / Specific,What happens at this market before 5 a.m.,Text overlay + matched opening audio,Vietnam,Culture / morning,41,N,3,Low,,100,37.2,12.3,29.9,0,0,0,0,157,37.3,12.3,29.9,1,0,0,0,32.9,N,,N,Y,188,36.5,12.5,30.6,1,0,0,0,Trial-reel distribution only; not promoted,
R35V3,R35,Aug 3 – Aug 16,SRC-035,The 4 A.M. Fish Auction,A very early fish auction uses sensory footage and a short explainer arc.,2026-08-11,10:00 AM,Tuesday,Phase 1 — Hook,Hook Type,POV / Direct-address,POV: your alarm goes off at 3:30 for fish,Text overlay + matched opening audio,Vietnam,Culture / morning,41,N,5,Low,,100,39.3,13.3,32.5,0,0,0,0,164,38.8,13.4,32.7,0,1,0,0,34.4,N,,N,Y,170,39.1,13.1,32.0,0,1,0,0,Trial-reel distribution only; not promoted,
R35V4,R35,Aug 3 – Aug 16,SRC-035,The 4 A.M. Fish Auction,A very early fish auction uses sensory footage and a short explainer arc.,2026-08-11,10:00 AM,Tuesday,Phase 1 — Hook,Hook Type,Contrarian / Pattern-break,The best hour at this market happens before breakfast,Text overlay + matched opening audio,Vietnam,Culture / morning,41,N,2,Low,,125,36.5,9.8,23.8,0,0,0,0,163,37.1,10.6,26.0,1,1,0,0,32.6,N,,N,Y,174,36.5,10.9,26.5,1,1,0,0,Trial-reel distribution only; not promoted,
R35V5,R35,Aug 3 – Aug 16,SRC-035,The 4 A.M. Fish Auction,A very early fish auction uses sensory footage and a short explainer arc.,2026-08-11,10:00 AM,Tuesday,Phase 1 — Hook,Hook Type,Cold Open / Visual-only,[No opening text; start on the auctioneer hand signals and fish hitting ice],Existing visual/audio opening; hook layer removed,Vietnam,Culture / morning,41,N,4,Low,,104,36.5,13.3,32.4,0,0,0,0,159,34.6,12.4,30.3,1,1,0,0,31.6,N,,N,Y,171,33.9,12.8,31.1,1,1,0,0,Trial-reel distribution only; not promoted,
